time,node_id,vehicles_in_range
1.0,rsu1,0
1.0,rsu2,0
1.0,rsu3,0
1.0,rsu4,0
1.0,rsu5,0
1.0,edge1,1
1.0,edge2,0
2.0,rsu1,0
2.0,rsu2,0
2.0,rsu3,0
2.0,rsu4,0
2.0,rsu5,0
2.0,edge1,1
2.0,edge2,0
3.0,rsu1,0
3.0,rsu2,0
3.0,rsu3,0
3.0,rsu4,0
3.0,rsu5,0
3.0,edge1,1
3.0,edge2,0
4.0,rsu1,0
4.0,rsu2,0
4.0,rsu3,0
4.0,rsu4,0
4.0,rsu5,0
4.0,edge1,1
4.0,edge2,0
5.0,rsu1,0
5.0,rsu2,0
5.0,rsu3,0
5.0,rsu4,0
5.0,rsu5,0
5.0,edge1,1
5.0,edge2,0
6.0,rsu1,0
6.0,rsu2,0
6.0,rsu3,0
6.0,rsu4,0
6.0,rsu5,0
6.0,edge1,1
6.0,edge2,0
7.0,rsu1,0
7.0,rsu2,0
7.0,rsu3,0
7.0,rsu4,0
7.0,rsu5,0
7.0,edge1,1
7.0,edge2,0
8.0,rsu1,0
8.0,rsu2,0
8.0,rsu3,0
8.0,rsu4,0
8.0,rsu5,0
8.0,edge1,1
8.0,edge2,0
9.0,rsu1,0
9.0,rsu2,0
9.0,rsu3,0
9.0,rsu4,0
9.0,rsu5,0
9.0,edge1,1
9.0,edge2,0
10.0,rsu1,0
10.0,rsu2,0
10.0,rsu3,0
10.0,rsu4,0
10.0,rsu5,0
10.0,edge1,1
10.0,edge2,0
11.0,rsu1,1
11.0,rsu2,0
11.0,rsu3,0
11.0,rsu4,0
11.0,rsu5,0
11.0,edge1,2
11.0,edge2,0
12.0,rsu1,1
12.0,rsu2,0
12.0,rsu3,0
12.0,rsu4,0
12.0,rsu5,0
12.0,edge1,2
12.0,edge2,0
13.0,rsu1,1
13.0,rsu2,0
13.0,rsu3,0
13.0,rsu4,0
13.0,rsu5,0
13.0,edge1,2
13.0,edge2,0
14.0,rsu1,1
14.0,rsu2,0
14.0,rsu3,0
14.0,rsu4,0
14.0,rsu5,0
14.0,edge1,2
14.0,edge2,0
15.0,rsu1,1
15.0,rsu2,0
15.0,rsu3,0
15.0,rsu4,0
15.0,rsu5,0
15.0,edge1,2
15.0,edge2,0
16.0,rsu1,1
16.0,rsu2,0
16.0,rsu3,0
16.0,rsu4,0
16.0,rsu5,0
16.0,edge1,2
16.0,edge2,0
17.0,rsu1,1
17.0,rsu2,0
17.0,rsu3,0
17.0,rsu4,0
17.0,rsu5,0
17.0,edge1,2
17.0,edge2,0
18.0,rsu1,1
18.0,rsu2,0
18.0,rsu3,0
18.0,rsu4,0
18.0,rsu5,0
18.0,edge1,2
18.0,edge2,0
19.0,rsu1,1
19.0,rsu2,0
19.0,rsu3,0
19.0,rsu4,0
19.0,rsu5,0
19.0,edge1,2
19.0,edge2,0
20.0,rsu1,1
20.0,rsu2,0
20.0,rsu3,0
20.0,rsu4,0
20.0,rsu5,0
20.0,edge1,2
20.0,edge2,0
21.0,rsu1,1
21.0,rsu2,0
21.0,rsu3,0
21.0,rsu4,0
21.0,rsu5,0
21.0,edge1,3
21.0,edge2,0
22.0,rsu1,1
22.0,rsu2,0
22.0,rsu3,0
22.0,rsu4,0
22.0,rsu5,0
22.0,edge1,3
22.0,edge2,0
23.0,rsu1,1
23.0,rsu2,0
23.0,rsu3,0
23.0,rsu4,0
23.0,rsu5,0
23.0,edge1,3
23.0,edge2,0
24.0,rsu1,1
24.0,rsu2,0
24.0,rsu3,0
24.0,rsu4,0
24.0,rsu5,0
24.0,edge1,3
24.0,edge2,0
25.0,rsu1,0
25.0,rsu2,0
25.0,rsu3,0
25.0,rsu4,0
25.0,rsu5,0
25.0,edge1,3
25.0,edge2,0
26.0,rsu1,0
26.0,rsu2,0
26.0,rsu3,0
26.0,rsu4,0
26.0,rsu5,0
26.0,edge1,3
26.0,edge2,0
27.0,rsu1,0
27.0,rsu2,0
27.0,rsu3,0
27.0,rsu4,0
27.0,rsu5,0
27.0,edge1,3
27.0,edge2,0
28.0,rsu1,0
28.0,rsu2,0
28.0,rsu3,0
28.0,rsu4,0
28.0,rsu5,0
28.0,edge1,3
28.0,edge2,0
29.0,rsu1,0
29.0,rsu2,0
29.0,rsu3,0
29.0,rsu4,0
29.0,rsu5,0
29.0,edge1,3
29.0,edge2,0
30.0,rsu1,0
30.0,rsu2,0
30.0,rsu3,0
30.0,rsu4,0
30.0,rsu5,0
30.0,edge1,3
30.0,edge2,0
31.0,rsu1,0
31.0,rsu2,0
31.0,rsu3,0
31.0,rsu4,0
31.0,rsu5,1
31.0,edge1,4
31.0,edge2,0
32.0,rsu1,0
32.0,rsu2,0
32.0,rsu3,0
32.0,rsu4,0
32.0,rsu5,1
32.0,edge1,4
32.0,edge2,0
33.0,rsu1,0
33.0,rsu2,0
33.0,rsu3,0
33.0,rsu4,0
33.0,rsu5,1
33.0,edge1,4
33.0,edge2,0
34.0,rsu1,0
34.0,rsu2,0
34.0,rsu3,0
34.0,rsu4,0
34.0,rsu5,1
34.0,edge1,4
34.0,edge2,0
35.0,rsu1,0
35.0,rsu2,0
35.0,rsu3,0
35.0,rsu4,0
35.0,rsu5,1
35.0,edge1,4
35.0,edge2,0
36.0,rsu1,0
36.0,rsu2,0
36.0,rsu3,0
36.0,rsu4,0
36.0,rsu5,1
36.0,edge1,4
36.0,edge2,0
37.0,rsu1,0
37.0,rsu2,0
37.0,rsu3,0
37.0,rsu4,0
37.0,rsu5,1
37.0,edge1,4
37.0,edge2,0
38.0,rsu1,0
38.0,rsu2,0
38.0,rsu3,0
38.0,rsu4,0
38.0,rsu5,1
38.0,edge1,4
38.0,edge2,0
39.0,rsu1,0
39.0,rsu2,0
39.0,rsu3,0
39.0,rsu4,0
39.0,rsu5,1
39.0,edge1,4
39.0,edge2,0
40.0,rsu1,0
40.0,rsu2,0
40.0,rsu3,0
40.0,rsu4,0
40.0,rsu5,1
40.0,edge1,4
40.0,edge2,0
41.0,rsu1,0
41.0,rsu2,0
41.0,rsu3,1
41.0,rsu4,0
41.0,rsu5,1
41.0,edge1,5
41.0,edge2,0
42.0,rsu1,0
42.0,rsu2,0
42.0,rsu3,1
42.0,rsu4,0
42.0,rsu5,1
42.0,edge1,5
42.0,edge2,0
43.0,rsu1,0
43.0,rsu2,1
43.0,rsu3,1
43.0,rsu4,0
43.0,rsu5,1
43.0,edge1,4
43.0,edge2,0
44.0,rsu1,0
44.0,rsu2,1
44.0,rsu3,1
44.0,rsu4,0
44.0,rsu5,1
44.0,edge1,4
44.0,edge2,0
45.0,rsu1,1
45.0,rsu2,1
45.0,rsu3,1
45.0,rsu4,0
45.0,rsu5,1
45.0,edge1,4
45.0,edge2,0
46.0,rsu1,1
46.0,rsu2,1
46.0,rsu3,1
46.0,rsu4,0
46.0,rsu5,1
46.0,edge1,4
46.0,edge2,0
47.0,rsu1,1
47.0,rsu2,1
47.0,rsu3,1
47.0,rsu4,0
47.0,rsu5,1
47.0,edge1,4
47.0,edge2,0
48.0,rsu1,1
48.0,rsu2,1
48.0,rsu3,1
48.0,rsu4,0
48.0,rsu5,1
48.0,edge1,4
48.0,edge2,0
49.0,rsu1,1
49.0,rsu2,1
49.0,rsu3,1
49.0,rsu4,0
49.0,rsu5,1
49.0,edge1,4
49.0,edge2,0
50.0,rsu1,1
50.0,rsu2,1
50.0,rsu3,1
50.0,rsu4,0
50.0,rsu5,1
50.0,edge1,4
50.0,edge2,0
51.0,rsu1,1
51.0,rsu2,1
51.0,rsu3,1
51.0,rsu4,0
51.0,rsu5,1
51.0,edge1,5
51.0,edge2,0
52.0,rsu1,1
52.0,rsu2,0
52.0,rsu3,1
52.0,rsu4,0
52.0,rsu5,0
52.0,edge1,5
52.0,edge2,0
53.0,rsu1,1
53.0,rsu2,0
53.0,rsu3,1
53.0,rsu4,0
53.0,rsu5,0
53.0,edge1,5
53.0,edge2,0
54.0,rsu1,1
54.0,rsu2,0
54.0,rsu3,1
54.0,rsu4,0
54.0,rsu5,0
54.0,edge1,5
54.0,edge2,0
55.0,rsu1,1
55.0,rsu2,0
55.0,rsu3,1
55.0,rsu4,0
55.0,rsu5,0
55.0,edge1,5
55.0,edge2,0
56.0,rsu1,1
56.0,rsu2,0
56.0,rsu3,1
56.0,rsu4,0
56.0,rsu5,0
56.0,edge1,5
56.0,edge2,0
57.0,rsu1,1
57.0,rsu2,0
57.0,rsu3,1
57.0,rsu4,0
57.0,rsu5,0
57.0,edge1,5
57.0,edge2,0
58.0,rsu1,1
58.0,rsu2,0
58.0,rsu3,1
58.0,rsu4,0
58.0,rsu5,0
58.0,edge1,5
58.0,edge2,0
59.0,rsu1,1
59.0,rsu2,0
59.0,rsu3,1
59.0,rsu4,0
59.0,rsu5,0
59.0,edge1,5
59.0,edge2,0
60.0,rsu1,1
60.0,rsu2,0
60.0,rsu3,1
60.0,rsu4,0
60.0,rsu5,0
60.0,edge1,5
60.0,edge2,0
61.0,rsu1,2
61.0,rsu2,0
61.0,rsu3,1
61.0,rsu4,0
61.0,rsu5,0
61.0,edge1,6
61.0,edge2,1
62.0,rsu1,2
62.0,rsu2,0
62.0,rsu3,1
62.0,rsu4,0
62.0,rsu5,0
62.0,edge1,6
62.0,edge2,1
63.0,rsu1,2
63.0,rsu2,0
63.0,rsu3,1
63.0,rsu4,0
63.0,rsu5,0
63.0,edge1,6
63.0,edge2,1
64.0,rsu1,2
64.0,rsu2,0
64.0,rsu3,0
64.0,rsu4,0
64.0,rsu5,0
64.0,edge1,6
64.0,edge2,1
65.0,rsu1,3
65.0,rsu2,0
65.0,rsu3,0
65.0,rsu4,0
65.0,rsu5,0
65.0,edge1,5
65.0,edge2,1
66.0,rsu1,3
66.0,rsu2,0
66.0,rsu3,0
66.0,rsu4,0
66.0,rsu5,0
66.0,edge1,5
66.0,edge2,1
67.0,rsu1,3
67.0,rsu2,0
67.0,rsu3,0
67.0,rsu4,0
67.0,rsu5,0
67.0,edge1,5
67.0,edge2,1
68.0,rsu1,3
68.0,rsu2,0
68.0,rsu3,0
68.0,rsu4,0
68.0,rsu5,0
68.0,edge1,5
68.0,edge2,1
69.0,rsu1,4
69.0,rsu2,0
69.0,rsu3,0
69.0,rsu4,0
69.0,rsu5,0
69.0,edge1,5
69.0,edge2,1
70.0,rsu1,4
70.0,rsu2,0
70.0,rsu3,0
70.0,rsu4,0
70.0,rsu5,0
70.0,edge1,5
70.0,edge2,1
71.0,rsu1,4
71.0,rsu2,0
71.0,rsu3,0
71.0,rsu4,0
71.0,rsu5,0
71.0,edge1,6
71.0,edge2,1
72.0,rsu1,4
72.0,rsu2,0
72.0,rsu3,0
72.0,rsu4,0
72.0,rsu5,0
72.0,edge1,6
72.0,edge2,1
73.0,rsu1,4
73.0,rsu2,0
73.0,rsu3,0
73.0,rsu4,0
73.0,rsu5,0
73.0,edge1,6
73.0,edge2,1
74.0,rsu1,4
74.0,rsu2,0
74.0,rsu3,0
74.0,rsu4,0
74.0,rsu5,0
74.0,edge1,6
74.0,edge2,1
75.0,rsu1,4
75.0,rsu2,0
75.0,rsu3,0
75.0,rsu4,0
75.0,rsu5,0
75.0,edge1,6
75.0,edge2,2
76.0,rsu1,4
76.0,rsu2,0
76.0,rsu3,0
76.0,rsu4,0
76.0,rsu5,0
76.0,edge1,6
76.0,edge2,2
77.0,rsu1,4
77.0,rsu2,0
77.0,rsu3,0
77.0,rsu4,0
77.0,rsu5,0
77.0,edge1,6
77.0,edge2,2
78.0,rsu1,4
78.0,rsu2,0
78.0,rsu3,0
78.0,rsu4,0
78.0,rsu5,0
78.0,edge1,6
78.0,edge2,2
79.0,rsu1,4
79.0,rsu2,0
79.0,rsu3,0
79.0,rsu4,0
79.0,rsu5,0
79.0,edge1,6
79.0,edge2,2
80.0,rsu1,4
80.0,rsu2,0
80.0,rsu3,0
80.0,rsu4,0
80.0,rsu5,0
80.0,edge1,6
80.0,edge2,1
81.0,rsu1,4
81.0,rsu2,0
81.0,rsu3,0
81.0,rsu4,0
81.0,rsu5,1
81.0,edge1,7
81.0,edge2,2
82.0,rsu1,4
82.0,rsu2,0
82.0,rsu3,0
82.0,rsu4,0
82.0,rsu5,1
82.0,edge1,7
82.0,edge2,2
83.0,rsu1,4
83.0,rsu2,0
83.0,rsu3,0
83.0,rsu4,0
83.0,rsu5,1
83.0,edge1,7
83.0,edge2,2
84.0,rsu1,4
84.0,rsu2,0
84.0,rsu3,0
84.0,rsu4,0
84.0,rsu5,1
84.0,edge1,7
84.0,edge2,2
85.0,rsu1,4
85.0,rsu2,0
85.0,rsu3,0
85.0,rsu4,0
85.0,rsu5,1
85.0,edge1,7
85.0,edge2,2
86.0,rsu1,4
86.0,rsu2,0
86.0,rsu3,0
86.0,rsu4,0
86.0,rsu5,1
86.0,edge1,7
86.0,edge2,2
87.0,rsu1,4
87.0,rsu2,0
87.0,rsu3,0
87.0,rsu4,0
87.0,rsu5,1
87.0,edge1,7
87.0,edge2,2
88.0,rsu1,4
88.0,rsu2,0
88.0,rsu3,0
88.0,rsu4,0
88.0,rsu5,1
88.0,edge1,7
88.0,edge2,2
89.0,rsu1,4
89.0,rsu2,0
89.0,rsu3,0
89.0,rsu4,0
89.0,rsu5,1
89.0,edge1,7
89.0,edge2,2
90.0,rsu1,3
90.0,rsu2,0
90.0,rsu3,0
90.0,rsu4,0
90.0,rsu5,1
90.0,edge1,7
90.0,edge2,2
91.0,rsu1,3
91.0,rsu2,0
91.0,rsu3,0
91.0,rsu4,0
91.0,rsu5,1
91.0,edge1,8
91.0,edge2,2
92.0,rsu1,3
92.0,rsu2,0
92.0,rsu3,1
92.0,rsu4,0
92.0,rsu5,1
92.0,edge1,8
92.0,edge2,1
93.0,rsu1,3
93.0,rsu2,0
93.0,rsu3,1
93.0,rsu4,0
93.0,rsu5,0
93.0,edge1,8
93.0,edge2,1
94.0,rsu1,3
94.0,rsu2,0
94.0,rsu3,1
94.0,rsu4,0
94.0,rsu5,0
94.0,edge1,8
94.0,edge2,1
95.0,rsu1,2
95.0,rsu2,0
95.0,rsu3,1
95.0,rsu4,0
95.0,rsu5,0
95.0,edge1,8
95.0,edge2,1
96.0,rsu1,2
96.0,rsu2,0
96.0,rsu3,2
96.0,rsu4,0
96.0,rsu5,0
96.0,edge1,8
96.0,edge2,1
97.0,rsu1,2
97.0,rsu2,0
97.0,rsu3,2
97.0,rsu4,0
97.0,rsu5,0
97.0,edge1,8
97.0,edge2,1
98.0,rsu1,2
98.0,rsu2,0
98.0,rsu3,2
98.0,rsu4,0
98.0,rsu5,0
98.0,edge1,8
98.0,edge2,1
99.0,rsu1,2
99.0,rsu2,0
99.0,rsu3,2
99.0,rsu4,0
99.0,rsu5,0
99.0,edge1,8
99.0,edge2,1
100.0,rsu1,2
100.0,rsu2,0
100.0,rsu3,3
100.0,rsu4,0
100.0,rsu5,0
100.0,edge1,8
100.0,edge2,0
101.0,rsu1,2
101.0,rsu2,0
101.0,rsu3,3
101.0,rsu4,0
101.0,rsu5,0
101.0,edge1,9
101.0,edge2,0
102.0,rsu1,2
102.0,rsu2,0
102.0,rsu3,3
102.0,rsu4,0
102.0,rsu5,0
102.0,edge1,9
102.0,edge2,0
103.0,rsu1,2
103.0,rsu2,0
103.0,rsu3,3
103.0,rsu4,0
103.0,rsu5,0
103.0,edge1,9
103.0,edge2,0
104.0,rsu1,2
104.0,rsu2,0
104.0,rsu3,3
104.0,rsu4,0
104.0,rsu5,0
104.0,edge1,9
104.0,edge2,0
105.0,rsu1,3
105.0,rsu2,0
105.0,rsu3,3
105.0,rsu4,0
105.0,rsu5,0
105.0,edge1,9
105.0,edge2,0
106.0,rsu1,3
106.0,rsu2,0
106.0,rsu3,2
106.0,rsu4,0
106.0,rsu5,0
106.0,edge1,9
106.0,edge2,0
107.0,rsu1,3
107.0,rsu2,0
107.0,rsu3,2
107.0,rsu4,0
107.0,rsu5,0
107.0,edge1,9
107.0,edge2,0
108.0,rsu1,4
108.0,rsu2,0
108.0,rsu3,1
108.0,rsu4,0
108.0,rsu5,0
108.0,edge1,9
108.0,edge2,0
109.0,rsu1,4
109.0,rsu2,0
109.0,rsu3,0
109.0,rsu4,0
109.0,rsu5,0
109.0,edge1,9
109.0,edge2,0
110.0,rsu1,4
110.0,rsu2,0
110.0,rsu3,0
110.0,rsu4,0
110.0,rsu5,0
110.0,edge1,9
110.0,edge2,0
111.0,rsu1,4
111.0,rsu2,0
111.0,rsu3,0
111.0,rsu4,0
111.0,rsu5,0
111.0,edge1,10
111.0,edge2,0
112.0,rsu1,5
112.0,rsu2,0
112.0,rsu3,0
112.0,rsu4,0
112.0,rsu5,1
112.0,edge1,10
112.0,edge2,0
113.0,rsu1,5
113.0,rsu2,0
113.0,rsu3,0
113.0,rsu4,0
113.0,rsu5,1
113.0,edge1,10
113.0,edge2,1
114.0,rsu1,5
114.0,rsu2,0
114.0,rsu3,0
114.0,rsu4,0
114.0,rsu5,1
114.0,edge1,10
114.0,edge2,1
115.0,rsu1,5
115.0,rsu2,0
115.0,rsu3,0
115.0,rsu4,0
115.0,rsu5,1
115.0,edge1,10
115.0,edge2,1
116.0,rsu1,5
116.0,rsu2,0
116.0,rsu3,0
116.0,rsu4,0
116.0,rsu5,1
116.0,edge1,10
116.0,edge2,1
117.0,rsu1,3
117.0,rsu2,0
117.0,rsu3,1
117.0,rsu4,0
117.0,rsu5,1
117.0,edge1,9
117.0,edge2,1
118.0,rsu1,3
118.0,rsu2,0
118.0,rsu3,1
118.0,rsu4,0
118.0,rsu5,1
118.0,edge1,9
118.0,edge2,2
119.0,rsu1,3
119.0,rsu2,0
119.0,rsu3,1
119.0,rsu4,0
119.0,rsu5,1
119.0,edge1,9
119.0,edge2,2
120.0,rsu1,3
120.0,rsu2,0
120.0,rsu3,1
120.0,rsu4,0
120.0,rsu5,1
120.0,edge1,8
120.0,edge2,1
121.0,rsu1,4
121.0,rsu2,0
121.0,rsu3,1
121.0,rsu4,0
121.0,rsu5,1
121.0,edge1,9
121.0,edge2,1
122.0,rsu1,4
122.0,rsu2,0
122.0,rsu3,1
122.0,rsu4,0
122.0,rsu5,1
122.0,edge1,9
122.0,edge2,1
123.0,rsu1,4
123.0,rsu2,0
123.0,rsu3,1
123.0,rsu4,0
123.0,rsu5,1
123.0,edge1,9
123.0,edge2,1
124.0,rsu1,4
124.0,rsu2,0
124.0,rsu3,1
124.0,rsu4,0
124.0,rsu5,0
124.0,edge1,9
124.0,edge2,1
125.0,rsu1,4
125.0,rsu2,0
125.0,rsu3,1
125.0,rsu4,0
125.0,rsu5,0
125.0,edge1,9
125.0,edge2,2
126.0,rsu1,4
126.0,rsu2,0
126.0,rsu3,1
126.0,rsu4,0
126.0,rsu5,0
126.0,edge1,9
126.0,edge2,2
127.0,rsu1,4
127.0,rsu2,0
127.0,rsu3,1
127.0,rsu4,0
127.0,rsu5,0
127.0,edge1,8
127.0,edge2,2
128.0,rsu1,4
128.0,rsu2,0
128.0,rsu3,1
128.0,rsu4,0
128.0,rsu5,0
128.0,edge1,8
128.0,edge2,2
129.0,rsu1,4
129.0,rsu2,0
129.0,rsu3,1
129.0,rsu4,0
129.0,rsu5,0
129.0,edge1,8
129.0,edge2,2
130.0,rsu1,4
130.0,rsu2,0
130.0,rsu3,1
130.0,rsu4,0
130.0,rsu5,0
130.0,edge1,8
130.0,edge2,2
131.0,rsu1,4
131.0,rsu2,0
131.0,rsu3,1
131.0,rsu4,0
131.0,rsu5,0
131.0,edge1,9
131.0,edge2,2
132.0,rsu1,4
132.0,rsu2,0
132.0,rsu3,1
132.0,rsu4,0
132.0,rsu5,0
132.0,edge1,9
132.0,edge2,2
133.0,rsu1,4
133.0,rsu2,0
133.0,rsu3,1
133.0,rsu4,0
133.0,rsu5,0
133.0,edge1,9
133.0,edge2,2
134.0,rsu1,4
134.0,rsu2,0
134.0,rsu3,1
134.0,rsu4,0
134.0,rsu5,0
134.0,edge1,8
134.0,edge2,2
135.0,rsu1,4
135.0,rsu2,0
135.0,rsu3,1
135.0,rsu4,0
135.0,rsu5,0
135.0,edge1,8
135.0,edge2,2
136.0,rsu1,4
136.0,rsu2,0
136.0,rsu3,0
136.0,rsu4,0
136.0,rsu5,0
136.0,edge1,8
136.0,edge2,2
137.0,rsu1,4
137.0,rsu2,0
137.0,rsu3,0
137.0,rsu4,0
137.0,rsu5,0
137.0,edge1,8
137.0,edge2,1
138.0,rsu1,4
138.0,rsu2,0
138.0,rsu3,0
138.0,rsu4,0
138.0,rsu5,0
138.0,edge1,8
138.0,edge2,1
139.0,rsu1,4
139.0,rsu2,0
139.0,rsu3,0
139.0,rsu4,0
139.0,rsu5,0
139.0,edge1,8
139.0,edge2,1
140.0,rsu1,3
140.0,rsu2,0
140.0,rsu3,0
140.0,rsu4,0
140.0,rsu5,0
140.0,edge1,8
140.0,edge2,1
141.0,rsu1,3
141.0,rsu2,0
141.0,rsu3,0
141.0,rsu4,0
141.0,rsu5,0
141.0,edge1,9
141.0,edge2,1
142.0,rsu1,3
142.0,rsu2,0
142.0,rsu3,0
142.0,rsu4,0
142.0,rsu5,0
142.0,edge1,8
142.0,edge2,1
143.0,rsu1,3
143.0,rsu2,0
143.0,rsu3,0
143.0,rsu4,0
143.0,rsu5,1
143.0,edge1,8
143.0,edge2,1
144.0,rsu1,3
144.0,rsu2,0
144.0,rsu3,0
144.0,rsu4,0
144.0,rsu5,1
144.0,edge1,8
144.0,edge2,1
145.0,rsu1,3
145.0,rsu2,0
145.0,rsu3,0
145.0,rsu4,0
145.0,rsu5,1
145.0,edge1,8
145.0,edge2,1
146.0,rsu1,3
146.0,rsu2,0
146.0,rsu3,0
146.0,rsu4,0
146.0,rsu5,1
146.0,edge1,8
146.0,edge2,1
147.0,rsu1,3
147.0,rsu2,0
147.0,rsu3,0
147.0,rsu4,0
147.0,rsu5,1
147.0,edge1,8
147.0,edge2,1
148.0,rsu1,3
148.0,rsu2,0
148.0,rsu3,0
148.0,rsu4,0
148.0,rsu5,1
148.0,edge1,7
148.0,edge2,1
149.0,rsu1,3
149.0,rsu2,0
149.0,rsu3,0
149.0,rsu4,0
149.0,rsu5,1
149.0,edge1,7
149.0,edge2,1
150.0,rsu1,3
150.0,rsu2,0
150.0,rsu3,0
150.0,rsu4,0
150.0,rsu5,1
150.0,edge1,7
150.0,edge2,2
151.0,rsu1,3
151.0,rsu2,0
151.0,rsu3,0
151.0,rsu4,0
151.0,rsu5,1
151.0,edge1,8
151.0,edge2,3
152.0,rsu1,2
152.0,rsu2,0
152.0,rsu3,0
152.0,rsu4,0
152.0,rsu5,2
152.0,edge1,8
152.0,edge2,2
153.0,rsu1,2
153.0,rsu2,0
153.0,rsu3,0
153.0,rsu4,0
153.0,rsu5,2
153.0,edge1,8
153.0,edge2,2
154.0,rsu1,2
154.0,rsu2,0
154.0,rsu3,0
154.0,rsu4,0
154.0,rsu5,2
154.0,edge1,8
154.0,edge2,2
155.0,rsu1,2
155.0,rsu2,1
155.0,rsu3,1
155.0,rsu4,0
155.0,rsu5,1
155.0,edge1,8
155.0,edge2,2
156.0,rsu1,2
156.0,rsu2,1
156.0,rsu3,1
156.0,rsu4,0
156.0,rsu5,1
156.0,edge1,8
156.0,edge2,3
157.0,rsu1,2
157.0,rsu2,1
157.0,rsu3,2
157.0,rsu4,0
157.0,rsu5,1
157.0,edge1,8
157.0,edge2,3
158.0,rsu1,2
158.0,rsu2,1
158.0,rsu3,2
158.0,rsu4,0
158.0,rsu5,1
158.0,edge1,8
158.0,edge2,3
159.0,rsu1,2
159.0,rsu2,1
159.0,rsu3,2
159.0,rsu4,0
159.0,rsu5,1
159.0,edge1,8
159.0,edge2,3
160.0,rsu1,3
160.0,rsu2,1
160.0,rsu3,2
160.0,rsu4,0
160.0,rsu5,1
160.0,edge1,8
160.0,edge2,3
161.0,rsu1,3
161.0,rsu2,2
161.0,rsu3,2
161.0,rsu4,0
161.0,rsu5,1
161.0,edge1,9
161.0,edge2,3
162.0,rsu1,3
162.0,rsu2,2
162.0,rsu3,2
162.0,rsu4,0
162.0,rsu5,1
162.0,edge1,9
162.0,edge2,3
163.0,rsu1,2
163.0,rsu2,2
163.0,rsu3,2
163.0,rsu4,0
163.0,rsu5,1
163.0,edge1,9
163.0,edge2,3
164.0,rsu1,2
164.0,rsu2,2
164.0,rsu3,2
164.0,rsu4,0
164.0,rsu5,1
164.0,edge1,9
164.0,edge2,3
165.0,rsu1,2
165.0,rsu2,2
165.0,rsu3,2
165.0,rsu4,0
165.0,rsu5,0
165.0,edge1,9
165.0,edge2,3
166.0,rsu1,2
166.0,rsu2,2
166.0,rsu3,2
166.0,rsu4,0
166.0,rsu5,0
166.0,edge1,9
166.0,edge2,4
167.0,rsu1,2
167.0,rsu2,1
167.0,rsu3,2
167.0,rsu4,0
167.0,rsu5,0
167.0,edge1,9
167.0,edge2,4
168.0,rsu1,2
168.0,rsu2,1
168.0,rsu3,2
168.0,rsu4,0
168.0,rsu5,0
168.0,edge1,9
168.0,edge2,4
169.0,rsu1,2
169.0,rsu2,1
169.0,rsu3,2
169.0,rsu4,0
169.0,rsu5,0
169.0,edge1,9
169.0,edge2,4
170.0,rsu1,2
170.0,rsu2,1
170.0,rsu3,2
170.0,rsu4,0
170.0,rsu5,0
170.0,edge1,9
170.0,edge2,4
171.0,rsu1,2
171.0,rsu2,1
171.0,rsu3,2
171.0,rsu4,0
171.0,rsu5,0
171.0,edge1,10
171.0,edge2,4
172.0,rsu1,2
172.0,rsu2,1
172.0,rsu3,1
172.0,rsu4,0
172.0,rsu5,0
172.0,edge1,10
172.0,edge2,3
173.0,rsu1,2
173.0,rsu2,1
173.0,rsu3,1
173.0,rsu4,0
173.0,rsu5,0
173.0,edge1,9
173.0,edge2,2
174.0,rsu1,2
174.0,rsu2,1
174.0,rsu3,1
174.0,rsu4,0
174.0,rsu5,0
174.0,edge1,9
174.0,edge2,2
175.0,rsu1,2
175.0,rsu2,0
175.0,rsu3,1
175.0,rsu4,0
175.0,rsu5,0
175.0,edge1,9
175.0,edge2,2
176.0,rsu1,2
176.0,rsu2,0
176.0,rsu3,1
176.0,rsu4,0
176.0,rsu5,0
176.0,edge1,9
176.0,edge2,2
177.0,rsu1,2
177.0,rsu2,0
177.0,rsu3,1
177.0,rsu4,0
177.0,rsu5,0
177.0,edge1,9
177.0,edge2,2
178.0,rsu1,2
178.0,rsu2,0
178.0,rsu3,1
178.0,rsu4,0
178.0,rsu5,0
178.0,edge1,9
178.0,edge2,2
179.0,rsu1,2
179.0,rsu2,0
179.0,rsu3,1
179.0,rsu4,0
179.0,rsu5,0
179.0,edge1,9
179.0,edge2,2
180.0,rsu1,2
180.0,rsu2,0
180.0,rsu3,1
180.0,rsu4,0
180.0,rsu5,0
180.0,edge1,9
180.0,edge2,2
181.0,rsu1,1
181.0,rsu2,1
181.0,rsu3,1
181.0,rsu4,0
181.0,rsu5,0
181.0,edge1,9
181.0,edge2,2
182.0,rsu1,1
182.0,rsu2,1
182.0,rsu3,1
182.0,rsu4,0
182.0,rsu5,0
182.0,edge1,9
182.0,edge2,1
183.0,rsu1,1
183.0,rsu2,1
183.0,rsu3,0
183.0,rsu4,0
183.0,rsu5,0
183.0,edge1,9
183.0,edge2,1
184.0,rsu1,1
184.0,rsu2,1
184.0,rsu3,0
184.0,rsu4,0
184.0,rsu5,0
184.0,edge1,9
184.0,edge2,1
185.0,rsu1,1
185.0,rsu2,1
185.0,rsu3,0
185.0,rsu4,0
185.0,rsu5,0
185.0,edge1,9
185.0,edge2,1
186.0,rsu1,1
186.0,rsu2,1
186.0,rsu3,1
186.0,rsu4,0
186.0,rsu5,0
186.0,edge1,9
186.0,edge2,1
187.0,rsu1,1
187.0,rsu2,1
187.0,rsu3,1
187.0,rsu4,0
187.0,rsu5,0
187.0,edge1,9
187.0,edge2,1
188.0,rsu1,1
188.0,rsu2,1
188.0,rsu3,1
188.0,rsu4,0
188.0,rsu5,0
188.0,edge1,9
188.0,edge2,1
189.0,rsu1,1
189.0,rsu2,1
189.0,rsu3,1
189.0,rsu4,0
189.0,rsu5,0
189.0,edge1,9
189.0,edge2,1
190.0,rsu1,1
190.0,rsu2,1
190.0,rsu3,1
190.0,rsu4,0
190.0,rsu5,0
190.0,edge1,9
190.0,edge2,1
191.0,rsu1,1
191.0,rsu2,1
191.0,rsu3,1
191.0,rsu4,0
191.0,rsu5,0
191.0,edge1,10
191.0,edge2,1
192.0,rsu1,1
192.0,rsu2,1
192.0,rsu3,1
192.0,rsu4,0
192.0,rsu5,0
192.0,edge1,10
192.0,edge2,1
193.0,rsu1,2
193.0,rsu2,1
193.0,rsu3,1
193.0,rsu4,0
193.0,rsu5,0
193.0,edge1,10
193.0,edge2,1
194.0,rsu1,2
194.0,rsu2,1
194.0,rsu3,1
194.0,rsu4,0
194.0,rsu5,0
194.0,edge1,10
194.0,edge2,0
195.0,rsu1,2
195.0,rsu2,1
195.0,rsu3,1
195.0,rsu4,0
195.0,rsu5,0
195.0,edge1,10
195.0,edge2,0
196.0,rsu1,2
196.0,rsu2,1
196.0,rsu3,1
196.0,rsu4,0
196.0,rsu5,0
196.0,edge1,10
196.0,edge2,0
197.0,rsu1,2
197.0,rsu2,0
197.0,rsu3,1
197.0,rsu4,0
197.0,rsu5,0
197.0,edge1,10
197.0,edge2,0
198.0,rsu1,2
198.0,rsu2,0
198.0,rsu3,2
198.0,rsu4,0
198.0,rsu5,0
198.0,edge1,9
198.0,edge2,0
199.0,rsu1,2
199.0,rsu2,0
199.0,rsu3,1
199.0,rsu4,0
199.0,rsu5,0
199.0,edge1,9
199.0,edge2,0
200.0,rsu1,2
200.0,rsu2,0
200.0,rsu3,1
200.0,rsu4,0
200.0,rsu5,0
200.0,edge1,9
200.0,edge2,0
201.0,rsu1,2
201.0,rsu2,1
201.0,rsu3,1
201.0,rsu4,0
201.0,rsu5,0
201.0,edge1,10
201.0,edge2,0
202.0,rsu1,2
202.0,rsu2,1
202.0,rsu3,1
202.0,rsu4,0
202.0,rsu5,0
202.0,edge1,10
202.0,edge2,0
203.0,rsu1,3
203.0,rsu2,1
203.0,rsu3,1
203.0,rsu4,0
203.0,rsu5,0
203.0,edge1,10
203.0,edge2,0
204.0,rsu1,3
204.0,rsu2,1
204.0,rsu3,1
204.0,rsu4,0
204.0,rsu5,0
204.0,edge1,10
204.0,edge2,0
205.0,rsu1,3
205.0,rsu2,1
205.0,rsu3,1
205.0,rsu4,0
205.0,rsu5,0
205.0,edge1,9
205.0,edge2,0
206.0,rsu1,3
206.0,rsu2,1
206.0,rsu3,1
206.0,rsu4,0
206.0,rsu5,0
206.0,edge1,9
206.0,edge2,0
207.0,rsu1,3
207.0,rsu2,1
207.0,rsu3,1
207.0,rsu4,0
207.0,rsu5,0
207.0,edge1,9
207.0,edge2,0
208.0,rsu1,3
208.0,rsu2,1
208.0,rsu3,1
208.0,rsu4,0
208.0,rsu5,0
208.0,edge1,9
208.0,edge2,0
209.0,rsu1,3
209.0,rsu2,1
209.0,rsu3,1
209.0,rsu4,0
209.0,rsu5,0
209.0,edge1,9
209.0,edge2,0
210.0,rsu1,3
210.0,rsu2,1
210.0,rsu3,1
210.0,rsu4,0
210.0,rsu5,0
210.0,edge1,9
210.0,edge2,0
211.0,rsu1,3
211.0,rsu2,3
211.0,rsu3,1
211.0,rsu4,0
211.0,rsu5,0
211.0,edge1,9
211.0,edge2,0
212.0,rsu1,3
212.0,rsu2,3
212.0,rsu3,1
212.0,rsu4,0
212.0,rsu5,0
212.0,edge1,9
212.0,edge2,0
213.0,rsu1,3
213.0,rsu2,3
213.0,rsu3,1
213.0,rsu4,0
213.0,rsu5,0
213.0,edge1,9
213.0,edge2,0
214.0,rsu1,2
214.0,rsu2,3
214.0,rsu3,0
214.0,rsu4,0
214.0,rsu5,0
214.0,edge1,8
214.0,edge2,1
215.0,rsu1,2
215.0,rsu2,3
215.0,rsu3,0
215.0,rsu4,0
215.0,rsu5,0
215.0,edge1,8
215.0,edge2,1
216.0,rsu1,2
216.0,rsu2,3
216.0,rsu3,0
216.0,rsu4,0
216.0,rsu5,0
216.0,edge1,8
216.0,edge2,1
217.0,rsu1,2
217.0,rsu2,3
217.0,rsu3,0
217.0,rsu4,0
217.0,rsu5,0
217.0,edge1,8
217.0,edge2,1
218.0,rsu1,2
218.0,rsu2,3
218.0,rsu3,0
218.0,rsu4,0
218.0,rsu5,0
218.0,edge1,8
218.0,edge2,1
219.0,rsu1,2
219.0,rsu2,3
219.0,rsu3,0
219.0,rsu4,0
219.0,rsu5,0
219.0,edge1,8
219.0,edge2,1
220.0,rsu1,2
220.0,rsu2,3
220.0,rsu3,1
220.0,rsu4,0
220.0,rsu5,0
220.0,edge1,8
220.0,edge2,1
221.0,rsu1,2
221.0,rsu2,3
221.0,rsu3,1
221.0,rsu4,0
221.0,rsu5,0
221.0,edge1,9
221.0,edge2,1
222.0,rsu1,2
222.0,rsu2,3
222.0,rsu3,2
222.0,rsu4,0
222.0,rsu5,0
222.0,edge1,9
222.0,edge2,1
223.0,rsu1,2
223.0,rsu2,3
223.0,rsu3,2
223.0,rsu4,0
223.0,rsu5,0
223.0,edge1,9
223.0,edge2,1
224.0,rsu1,2
224.0,rsu2,3
224.0,rsu3,2
224.0,rsu4,0
224.0,rsu5,0
224.0,edge1,9
224.0,edge2,1
225.0,rsu1,2
225.0,rsu2,3
225.0,rsu3,2
225.0,rsu4,0
225.0,rsu5,0
225.0,edge1,9
225.0,edge2,1
226.0,rsu1,2
226.0,rsu2,3
226.0,rsu3,2
226.0,rsu4,0
226.0,rsu5,0
226.0,edge1,9
226.0,edge2,1
227.0,rsu1,2
227.0,rsu2,3
227.0,rsu3,2
227.0,rsu4,0
227.0,rsu5,0
227.0,edge1,9
227.0,edge2,1
228.0,rsu1,2
228.0,rsu2,3
228.0,rsu3,2
228.0,rsu4,0
228.0,rsu5,0
228.0,edge1,9
228.0,edge2,1
229.0,rsu1,2
229.0,rsu2,3
229.0,rsu3,1
229.0,rsu4,0
229.0,rsu5,0
229.0,edge1,8
229.0,edge2,1
230.0,rsu1,2
230.0,rsu2,3
230.0,rsu3,1
230.0,rsu4,0
230.0,rsu5,0
230.0,edge1,8
230.0,edge2,1
231.0,rsu1,3
231.0,rsu2,3
231.0,rsu3,1
231.0,rsu4,0
231.0,rsu5,0
231.0,edge1,9
231.0,edge2,2
232.0,rsu1,3
232.0,rsu2,2
232.0,rsu3,1
232.0,rsu4,0
232.0,rsu5,1
232.0,edge1,9
232.0,edge2,2
233.0,rsu1,3
233.0,rsu2,2
233.0,rsu3,1
233.0,rsu4,0
233.0,rsu5,1
233.0,edge1,9
233.0,edge2,1
234.0,rsu1,2
234.0,rsu2,2
234.0,rsu3,1
234.0,rsu4,0
234.0,rsu5,1
234.0,edge1,8
234.0,edge2,1
235.0,rsu1,2
235.0,rsu2,2
235.0,rsu3,1
235.0,rsu4,0
235.0,rsu5,1
235.0,edge1,8
235.0,edge2,1
236.0,rsu1,2
236.0,rsu2,2
236.0,rsu3,0
236.0,rsu4,0
236.0,rsu5,1
236.0,edge1,7
236.0,edge2,1
237.0,rsu1,2
237.0,rsu2,2
237.0,rsu3,0
237.0,rsu4,0
237.0,rsu5,1
237.0,edge1,7
237.0,edge2,1
238.0,rsu1,2
238.0,rsu2,2
238.0,rsu3,0
238.0,rsu4,0
238.0,rsu5,1
238.0,edge1,7
238.0,edge2,2
239.0,rsu1,2
239.0,rsu2,2
239.0,rsu3,0
239.0,rsu4,0
239.0,rsu5,1
239.0,edge1,7
239.0,edge2,2
240.0,rsu1,2
240.0,rsu2,2
240.0,rsu3,0
240.0,rsu4,0
240.0,rsu5,1
240.0,edge1,7
240.0,edge2,2
241.0,rsu1,2
241.0,rsu2,2
241.0,rsu3,0
241.0,rsu4,1
241.0,rsu5,1
241.0,edge1,7
241.0,edge2,3
242.0,rsu1,2
242.0,rsu2,1
242.0,rsu3,0
242.0,rsu4,1
242.0,rsu5,1
242.0,edge1,7
242.0,edge2,3
243.0,rsu1,2
243.0,rsu2,1
243.0,rsu3,0
243.0,rsu4,1
243.0,rsu5,1
243.0,edge1,7
243.0,edge2,3
244.0,rsu1,2
244.0,rsu2,1
244.0,rsu3,0
244.0,rsu4,1
244.0,rsu5,1
244.0,edge1,7
244.0,edge2,3
245.0,rsu1,2
245.0,rsu2,1
245.0,rsu3,0
245.0,rsu4,1
245.0,rsu5,0
245.0,edge1,7
245.0,edge2,3
246.0,rsu1,2
246.0,rsu2,1
246.0,rsu3,0
246.0,rsu4,1
246.0,rsu5,0
246.0,edge1,7
246.0,edge2,4
247.0,rsu1,2
247.0,rsu2,1
247.0,rsu3,0
247.0,rsu4,1
247.0,rsu5,0
247.0,edge1,7
247.0,edge2,4
248.0,rsu1,2
248.0,rsu2,1
248.0,rsu3,0
248.0,rsu4,1
248.0,rsu5,0
248.0,edge1,7
248.0,edge2,4
249.0,rsu1,2
249.0,rsu2,1
249.0,rsu3,0
249.0,rsu4,1
249.0,rsu5,0
249.0,edge1,7
249.0,edge2,4
250.0,rsu1,2
250.0,rsu2,1
250.0,rsu3,0
250.0,rsu4,1
250.0,rsu5,0
250.0,edge1,7
250.0,edge2,4
251.0,rsu1,2
251.0,rsu2,0
251.0,rsu3,0
251.0,rsu4,1
251.0,rsu5,0
251.0,edge1,6
251.0,edge2,3
252.0,rsu1,3
252.0,rsu2,0
252.0,rsu3,0
252.0,rsu4,1
252.0,rsu5,0
252.0,edge1,7
252.0,edge2,4
253.0,rsu1,3
253.0,rsu2,0
253.0,rsu3,0
253.0,rsu4,1
253.0,rsu5,0
253.0,edge1,7
253.0,edge2,4
254.0,rsu1,3
254.0,rsu2,0
254.0,rsu3,0
254.0,rsu4,1
254.0,rsu5,0
254.0,edge1,7
254.0,edge2,4
255.0,rsu1,3
255.0,rsu2,0
255.0,rsu3,0
255.0,rsu4,1
255.0,rsu5,0
255.0,edge1,8
255.0,edge2,4
256.0,rsu1,3
256.0,rsu2,1
256.0,rsu3,0
256.0,rsu4,1
256.0,rsu5,0
256.0,edge1,8
256.0,edge2,4
257.0,rsu1,3
257.0,rsu2,1
257.0,rsu3,0
257.0,rsu4,1
257.0,rsu5,0
257.0,edge1,8
257.0,edge2,4
258.0,rsu1,3
258.0,rsu2,1
258.0,rsu3,0
258.0,rsu4,1
258.0,rsu5,0
258.0,edge1,8
258.0,edge2,4
259.0,rsu1,3
259.0,rsu2,0
259.0,rsu3,0
259.0,rsu4,1
259.0,rsu5,0
259.0,edge1,8
259.0,edge2,4
260.0,rsu1,3
260.0,rsu2,0
260.0,rsu3,0
260.0,rsu4,1
260.0,rsu5,0
260.0,edge1,8
260.0,edge2,3
261.0,rsu1,3
261.0,rsu2,0
261.0,rsu3,1
261.0,rsu4,1
261.0,rsu5,0
261.0,edge1,9
261.0,edge2,3
262.0,rsu1,3
262.0,rsu2,0
262.0,rsu3,1
262.0,rsu4,1
262.0,rsu5,0
262.0,edge1,9
262.0,edge2,3
263.0,rsu1,3
263.0,rsu2,0
263.0,rsu3,1
263.0,rsu4,1
263.0,rsu5,0
263.0,edge1,9
263.0,edge2,3
264.0,rsu1,2
264.0,rsu2,0
264.0,rsu3,1
264.0,rsu4,1
264.0,rsu5,0
264.0,edge1,8
264.0,edge2,3
265.0,rsu1,2
265.0,rsu2,0
265.0,rsu3,1
265.0,rsu4,1
265.0,rsu5,0
265.0,edge1,8
265.0,edge2,3
266.0,rsu1,2
266.0,rsu2,0
266.0,rsu3,1
266.0,rsu4,1
266.0,rsu5,0
266.0,edge1,8
266.0,edge2,3
267.0,rsu1,2
267.0,rsu2,0
267.0,rsu3,1
267.0,rsu4,1
267.0,rsu5,0
267.0,edge1,8
267.0,edge2,3
268.0,rsu1,2
268.0,rsu2,0
268.0,rsu3,1
268.0,rsu4,0
268.0,rsu5,0
268.0,edge1,8
268.0,edge2,3
269.0,rsu1,2
269.0,rsu2,0
269.0,rsu3,1
269.0,rsu4,0
269.0,rsu5,0
269.0,edge1,8
269.0,edge2,3
270.0,rsu1,2
270.0,rsu2,0
270.0,rsu3,1
270.0,rsu4,0
270.0,rsu5,0
270.0,edge1,8
270.0,edge2,3
271.0,rsu1,2
271.0,rsu2,0
271.0,rsu3,0
271.0,rsu4,0
271.0,rsu5,0
271.0,edge1,9
271.0,edge2,3
272.0,rsu1,2
272.0,rsu2,0
272.0,rsu3,1
272.0,rsu4,0
272.0,rsu5,0
272.0,edge1,9
272.0,edge2,3
273.0,rsu1,2
273.0,rsu2,0
273.0,rsu3,1
273.0,rsu4,0
273.0,rsu5,0
273.0,edge1,9
273.0,edge2,3
274.0,rsu1,2
274.0,rsu2,0
274.0,rsu3,1
274.0,rsu4,0
274.0,rsu5,0
274.0,edge1,9
274.0,edge2,3
275.0,rsu1,2
275.0,rsu2,0
275.0,rsu3,2
275.0,rsu4,0
275.0,rsu5,0
275.0,edge1,9
275.0,edge2,1
276.0,rsu1,2
276.0,rsu2,0
276.0,rsu3,2
276.0,rsu4,0
276.0,rsu5,0
276.0,edge1,9
276.0,edge2,1
277.0,rsu1,2
277.0,rsu2,0
277.0,rsu3,3
277.0,rsu4,0
277.0,rsu5,0
277.0,edge1,9
277.0,edge2,1
278.0,rsu1,1
278.0,rsu2,0
278.0,rsu3,3
278.0,rsu4,0
278.0,rsu5,0
278.0,edge1,9
278.0,edge2,1
279.0,rsu1,1
279.0,rsu2,0
279.0,rsu3,4
279.0,rsu4,0
279.0,rsu5,0
279.0,edge1,9
279.0,edge2,1
280.0,rsu1,1
280.0,rsu2,0
280.0,rsu3,4
280.0,rsu4,0
280.0,rsu5,0
280.0,edge1,9
280.0,edge2,1
281.0,rsu1,1
281.0,rsu2,0
281.0,rsu3,4
281.0,rsu4,0
281.0,rsu5,0
281.0,edge1,10
281.0,edge2,1
282.0,rsu1,1
282.0,rsu2,0
282.0,rsu3,4
282.0,rsu4,0
282.0,rsu5,0
282.0,edge1,10
282.0,edge2,1
283.0,rsu1,1
283.0,rsu2,0
283.0,rsu3,4
283.0,rsu4,0
283.0,rsu5,0
283.0,edge1,10
283.0,edge2,1
284.0,rsu1,1
284.0,rsu2,0
284.0,rsu3,4
284.0,rsu4,0
284.0,rsu5,0
284.0,edge1,10
284.0,edge2,1
285.0,rsu1,1
285.0,rsu2,0
285.0,rsu3,4
285.0,rsu4,0
285.0,rsu5,0
285.0,edge1,10
285.0,edge2,1
286.0,rsu1,0
286.0,rsu2,0
286.0,rsu3,3
286.0,rsu4,0
286.0,rsu5,0
286.0,edge1,9
286.0,edge2,1
287.0,rsu1,0
287.0,rsu2,0
287.0,rsu3,3
287.0,rsu4,0
287.0,rsu5,0
287.0,edge1,9
287.0,edge2,2
288.0,rsu1,0
288.0,rsu2,0
288.0,rsu3,3
288.0,rsu4,0
288.0,rsu5,0
288.0,edge1,9
288.0,edge2,2
289.0,rsu1,0
289.0,rsu2,0
289.0,rsu3,3
289.0,rsu4,0
289.0,rsu5,0
289.0,edge1,9
289.0,edge2,2
290.0,rsu1,0
290.0,rsu2,0
290.0,rsu3,3
290.0,rsu4,0
290.0,rsu5,0
290.0,edge1,9
290.0,edge2,2
291.0,rsu1,1
291.0,rsu2,0
291.0,rsu3,3
291.0,rsu4,0
291.0,rsu5,0
291.0,edge1,10
291.0,edge2,2
292.0,rsu1,1
292.0,rsu2,0
292.0,rsu3,3
292.0,rsu4,0
292.0,rsu5,0
292.0,edge1,10
292.0,edge2,2
293.0,rsu1,2
293.0,rsu2,0
293.0,rsu3,2
293.0,rsu4,0
293.0,rsu5,0
293.0,edge1,10
293.0,edge2,2
294.0,rsu1,2
294.0,rsu2,0
294.0,rsu3,2
294.0,rsu4,0
294.0,rsu5,0
294.0,edge1,10
294.0,edge2,2
295.0,rsu1,3
295.0,rsu2,0
295.0,rsu3,1
295.0,rsu4,0
295.0,rsu5,0
295.0,edge1,10
295.0,edge2,2
296.0,rsu1,3
296.0,rsu2,0
296.0,rsu3,0
296.0,rsu4,0
296.0,rsu5,0
296.0,edge1,10
296.0,edge2,2
297.0,rsu1,3
297.0,rsu2,0
297.0,rsu3,0
297.0,rsu4,0
297.0,rsu5,0
297.0,edge1,10
297.0,edge2,2
298.0,rsu1,3
298.0,rsu2,0
298.0,rsu3,0
298.0,rsu4,0
298.0,rsu5,0
298.0,edge1,10
298.0,edge2,2
299.0,rsu1,3
299.0,rsu2,0
299.0,rsu3,0
299.0,rsu4,0
299.0,rsu5,0
299.0,edge1,10
299.0,edge2,2
300.0,rsu1,3
300.0,rsu2,0
300.0,rsu3,0
300.0,rsu4,0
300.0,rsu5,1
300.0,edge1,10
300.0,edge2,3
301.0,rsu1,4
301.0,rsu2,0
301.0,rsu3,0
301.0,rsu4,0
301.0,rsu5,2
301.0,edge1,11
301.0,edge2,3
302.0,rsu1,4
302.0,rsu2,0
302.0,rsu3,0
302.0,rsu4,0
302.0,rsu5,2
302.0,edge1,11
302.0,edge2,3
303.0,rsu1,3
303.0,rsu2,0
303.0,rsu3,0
303.0,rsu4,0
303.0,rsu5,2
303.0,edge1,11
303.0,edge2,3
304.0,rsu1,3
304.0,rsu2,0
304.0,rsu3,0
304.0,rsu4,0
304.0,rsu5,1
304.0,edge1,11
304.0,edge2,3
305.0,rsu1,3
305.0,rsu2,0
305.0,rsu3,0
305.0,rsu4,0
305.0,rsu5,1
305.0,edge1,11
305.0,edge2,4
306.0,rsu1,3
306.0,rsu2,0
306.0,rsu3,0
306.0,rsu4,0
306.0,rsu5,1
306.0,edge1,11
306.0,edge2,3
307.0,rsu1,3
307.0,rsu2,0
307.0,rsu3,0
307.0,rsu4,0
307.0,rsu5,1
307.0,edge1,11
307.0,edge2,3
308.0,rsu1,3
308.0,rsu2,0
308.0,rsu3,0
308.0,rsu4,0
308.0,rsu5,1
308.0,edge1,11
308.0,edge2,4
309.0,rsu1,4
309.0,rsu2,0
309.0,rsu3,1
309.0,rsu4,0
309.0,rsu5,1
309.0,edge1,11
309.0,edge2,4
310.0,rsu1,4
310.0,rsu2,0
310.0,rsu3,1
310.0,rsu4,0
310.0,rsu5,1
310.0,edge1,11
310.0,edge2,4
311.0,rsu1,4
311.0,rsu2,0
311.0,rsu3,1
311.0,rsu4,0
311.0,rsu5,1
311.0,edge1,12
311.0,edge2,4
312.0,rsu1,4
312.0,rsu2,0
312.0,rsu3,1
312.0,rsu4,0
312.0,rsu5,1
312.0,edge1,12
312.0,edge2,4
313.0,rsu1,4
313.0,rsu2,0
313.0,rsu3,1
313.0,rsu4,0
313.0,rsu5,1
313.0,edge1,12
313.0,edge2,3
314.0,rsu1,4
314.0,rsu2,0
314.0,rsu3,1
314.0,rsu4,0
314.0,rsu5,2
314.0,edge1,12
314.0,edge2,3
315.0,rsu1,4
315.0,rsu2,0
315.0,rsu3,1
315.0,rsu4,0
315.0,rsu5,2
315.0,edge1,12
315.0,edge2,4
316.0,rsu1,4
316.0,rsu2,0
316.0,rsu3,1
316.0,rsu4,0
316.0,rsu5,2
316.0,edge1,12
316.0,edge2,4
317.0,rsu1,4
317.0,rsu2,0
317.0,rsu3,1
317.0,rsu4,0
317.0,rsu5,2
317.0,edge1,12
317.0,edge2,4
318.0,rsu1,4
318.0,rsu2,0
318.0,rsu3,1
318.0,rsu4,0
318.0,rsu5,2
318.0,edge1,12
318.0,edge2,4
319.0,rsu1,4
319.0,rsu2,0
319.0,rsu3,1
319.0,rsu4,0
319.0,rsu5,2
319.0,edge1,12
319.0,edge2,4
320.0,rsu1,4
320.0,rsu2,0
320.0,rsu3,1
320.0,rsu4,0
320.0,rsu5,2
320.0,edge1,12
320.0,edge2,4
321.0,rsu1,4
321.0,rsu2,0
321.0,rsu3,1
321.0,rsu4,0
321.0,rsu5,2
321.0,edge1,13
321.0,edge2,4
322.0,rsu1,4
322.0,rsu2,0
322.0,rsu3,1
322.0,rsu4,0
322.0,rsu5,2
322.0,edge1,13
322.0,edge2,4
323.0,rsu1,4
323.0,rsu2,0
323.0,rsu3,1
323.0,rsu4,0
323.0,rsu5,1
323.0,edge1,12
323.0,edge2,3
324.0,rsu1,4
324.0,rsu2,0
324.0,rsu3,1
324.0,rsu4,0
324.0,rsu5,1
324.0,edge1,12
324.0,edge2,3
325.0,rsu1,3
325.0,rsu2,0
325.0,rsu3,1
325.0,rsu4,0
325.0,rsu5,1
325.0,edge1,10
325.0,edge2,2
326.0,rsu1,3
326.0,rsu2,0
326.0,rsu3,1
326.0,rsu4,0
326.0,rsu5,1
326.0,edge1,10
326.0,edge2,2
327.0,rsu1,3
327.0,rsu2,0
327.0,rsu3,0
327.0,rsu4,0
327.0,rsu5,0
327.0,edge1,9
327.0,edge2,1
328.0,rsu1,3
328.0,rsu2,0
328.0,rsu3,0
328.0,rsu4,0
328.0,rsu5,0
328.0,edge1,9
328.0,edge2,1
329.0,rsu1,3
329.0,rsu2,0
329.0,rsu3,0
329.0,rsu4,0
329.0,rsu5,0
329.0,edge1,9
329.0,edge2,1
330.0,rsu1,3
330.0,rsu2,0
330.0,rsu3,0
330.0,rsu4,0
330.0,rsu5,0
330.0,edge1,9
330.0,edge2,1
331.0,rsu1,3
331.0,rsu2,0
331.0,rsu3,1
331.0,rsu4,0
331.0,rsu5,0
331.0,edge1,10
331.0,edge2,1
332.0,rsu1,3
332.0,rsu2,1
332.0,rsu3,1
332.0,rsu4,0
332.0,rsu5,0
332.0,edge1,9
332.0,edge2,1
333.0,rsu1,3
333.0,rsu2,1
333.0,rsu3,1
333.0,rsu4,0
333.0,rsu5,0
333.0,edge1,9
333.0,edge2,1
334.0,rsu1,3
334.0,rsu2,1
334.0,rsu3,1
334.0,rsu4,0
334.0,rsu5,0
334.0,edge1,9
334.0,edge2,1
335.0,rsu1,3
335.0,rsu2,1
335.0,rsu3,1
335.0,rsu4,0
335.0,rsu5,0
335.0,edge1,9
335.0,edge2,1
336.0,rsu1,3
336.0,rsu2,1
336.0,rsu3,1
336.0,rsu4,0
336.0,rsu5,0
336.0,edge1,9
336.0,edge2,0
337.0,rsu1,3
337.0,rsu2,1
337.0,rsu3,1
337.0,rsu4,0
337.0,rsu5,0
337.0,edge1,9
337.0,edge2,0
338.0,rsu1,2
338.0,rsu2,1
338.0,rsu3,0
338.0,rsu4,0
338.0,rsu5,0
338.0,edge1,9
338.0,edge2,0
339.0,rsu1,2
339.0,rsu2,1
339.0,rsu3,0
339.0,rsu4,0
339.0,rsu5,0
339.0,edge1,9
339.0,edge2,0
340.0,rsu1,2
340.0,rsu2,1
340.0,rsu3,0
340.0,rsu4,0
340.0,rsu5,0
340.0,edge1,9
340.0,edge2,0
341.0,rsu1,3
341.0,rsu2,1
341.0,rsu3,0
341.0,rsu4,0
341.0,rsu5,0
341.0,edge1,10
341.0,edge2,0
342.0,rsu1,2
342.0,rsu2,1
342.0,rsu3,0
342.0,rsu4,0
342.0,rsu5,0
342.0,edge1,10
342.0,edge2,0
343.0,rsu1,2
343.0,rsu2,1
343.0,rsu3,0
343.0,rsu4,0
343.0,rsu5,0
343.0,edge1,10
343.0,edge2,0
344.0,rsu1,3
344.0,rsu2,1
344.0,rsu3,0
344.0,rsu4,0
344.0,rsu5,0
344.0,edge1,10
344.0,edge2,0
345.0,rsu1,3
345.0,rsu2,0
345.0,rsu3,0
345.0,rsu4,0
345.0,rsu5,0
345.0,edge1,9
345.0,edge2,1
346.0,rsu1,2
346.0,rsu2,0
346.0,rsu3,0
346.0,rsu4,0
346.0,rsu5,0
346.0,edge1,9
346.0,edge2,1
347.0,rsu1,2
347.0,rsu2,0
347.0,rsu3,0
347.0,rsu4,0
347.0,rsu5,0
347.0,edge1,9
347.0,edge2,1
348.0,rsu1,2
348.0,rsu2,0
348.0,rsu3,0
348.0,rsu4,0
348.0,rsu5,0
348.0,edge1,9
348.0,edge2,1
349.0,rsu1,2
349.0,rsu2,0
349.0,rsu3,0
349.0,rsu4,0
349.0,rsu5,0
349.0,edge1,9
349.0,edge2,1
350.0,rsu1,2
350.0,rsu2,0
350.0,rsu3,0
350.0,rsu4,0
350.0,rsu5,0
350.0,edge1,9
350.0,edge2,0
351.0,rsu1,3
351.0,rsu2,0
351.0,rsu3,0
351.0,rsu4,0
351.0,rsu5,0
351.0,edge1,10
351.0,edge2,0
352.0,rsu1,3
352.0,rsu2,0
352.0,rsu3,0
352.0,rsu4,0
352.0,rsu5,1
352.0,edge1,10
352.0,edge2,0
353.0,rsu1,3
353.0,rsu2,0
353.0,rsu3,1
353.0,rsu4,0
353.0,rsu5,1
353.0,edge1,10
353.0,edge2,0
354.0,rsu1,3
354.0,rsu2,0
354.0,rsu3,1
354.0,rsu4,0
354.0,rsu5,1
354.0,edge1,10
354.0,edge2,0
355.0,rsu1,3
355.0,rsu2,0
355.0,rsu3,1
355.0,rsu4,0
355.0,rsu5,1
355.0,edge1,10
355.0,edge2,0
356.0,rsu1,3
356.0,rsu2,0
356.0,rsu3,1
356.0,rsu4,0
356.0,rsu5,1
356.0,edge1,10
356.0,edge2,0
357.0,rsu1,3
357.0,rsu2,0
357.0,rsu3,1
357.0,rsu4,0
357.0,rsu5,1
357.0,edge1,10
357.0,edge2,1
358.0,rsu1,2
358.0,rsu2,0
358.0,rsu3,1
358.0,rsu4,0
358.0,rsu5,1
358.0,edge1,10
358.0,edge2,1
359.0,rsu1,2
359.0,rsu2,0
359.0,rsu3,1
359.0,rsu4,0
359.0,rsu5,1
359.0,edge1,10
359.0,edge2,1
360.0,rsu1,2
360.0,rsu2,0
360.0,rsu3,1
360.0,rsu4,0
360.0,rsu5,1
360.0,edge1,10
360.0,edge2,1
361.0,rsu1,2
361.0,rsu2,0
361.0,rsu3,1
361.0,rsu4,0
361.0,rsu5,1
361.0,edge1,11
361.0,edge2,1
362.0,rsu1,2
362.0,rsu2,0
362.0,rsu3,1
362.0,rsu4,0
362.0,rsu5,2
362.0,edge1,11
362.0,edge2,1
363.0,rsu1,2
363.0,rsu2,1
363.0,rsu3,1
363.0,rsu4,0
363.0,rsu5,2
363.0,edge1,11
363.0,edge2,1
364.0,rsu1,2
364.0,rsu2,1
364.0,rsu3,1
364.0,rsu4,0
364.0,rsu5,2
364.0,edge1,11
364.0,edge2,1
365.0,rsu1,2
365.0,rsu2,2
365.0,rsu3,1
365.0,rsu4,0
365.0,rsu5,2
365.0,edge1,11
365.0,edge2,1
366.0,rsu1,2
366.0,rsu2,2
366.0,rsu3,1
366.0,rsu4,0
366.0,rsu5,2
366.0,edge1,11
366.0,edge2,1
367.0,rsu1,2
367.0,rsu2,2
367.0,rsu3,0
367.0,rsu4,0
367.0,rsu5,2
367.0,edge1,11
367.0,edge2,1
368.0,rsu1,2
368.0,rsu2,2
368.0,rsu3,0
368.0,rsu4,0
368.0,rsu5,2
368.0,edge1,11
368.0,edge2,1
369.0,rsu1,2
369.0,rsu2,2
369.0,rsu3,0
369.0,rsu4,0
369.0,rsu5,2
369.0,edge1,11
369.0,edge2,1
370.0,rsu1,2
370.0,rsu2,2
370.0,rsu3,0
370.0,rsu4,0
370.0,rsu5,2
370.0,edge1,11
370.0,edge2,1
371.0,rsu1,3
371.0,rsu2,2
371.0,rsu3,0
371.0,rsu4,0
371.0,rsu5,2
371.0,edge1,11
371.0,edge2,2
372.0,rsu1,3
372.0,rsu2,2
372.0,rsu3,0
372.0,rsu4,0
372.0,rsu5,2
372.0,edge1,11
372.0,edge2,2
373.0,rsu1,3
373.0,rsu2,1
373.0,rsu3,0
373.0,rsu4,0
373.0,rsu5,2
373.0,edge1,10
373.0,edge2,1
374.0,rsu1,3
374.0,rsu2,1
374.0,rsu3,0
374.0,rsu4,0
374.0,rsu5,2
374.0,edge1,10
374.0,edge2,1
375.0,rsu1,3
375.0,rsu2,1
375.0,rsu3,0
375.0,rsu4,0
375.0,rsu5,2
375.0,edge1,9
375.0,edge2,1
376.0,rsu1,3
376.0,rsu2,1
376.0,rsu3,0
376.0,rsu4,0
376.0,rsu5,2
376.0,edge1,9
376.0,edge2,1
377.0,rsu1,3
377.0,rsu2,1
377.0,rsu3,0
377.0,rsu4,0
377.0,rsu5,2
377.0,edge1,9
377.0,edge2,1
378.0,rsu1,3
378.0,rsu2,1
378.0,rsu3,0
378.0,rsu4,0
378.0,rsu5,2
378.0,edge1,9
378.0,edge2,1
379.0,rsu1,3
379.0,rsu2,0
379.0,rsu3,0
379.0,rsu4,0
379.0,rsu5,2
379.0,edge1,9
379.0,edge2,1
380.0,rsu1,3
380.0,rsu2,0
380.0,rsu3,0
380.0,rsu4,0
380.0,rsu5,2
380.0,edge1,9
380.0,edge2,1
381.0,rsu1,3
381.0,rsu2,0
381.0,rsu3,0
381.0,rsu4,0
381.0,rsu5,1
381.0,edge1,9
381.0,edge2,1
382.0,rsu1,3
382.0,rsu2,0
382.0,rsu3,0
382.0,rsu4,0
382.0,rsu5,1
382.0,edge1,9
382.0,edge2,1
383.0,rsu1,3
383.0,rsu2,0
383.0,rsu3,0
383.0,rsu4,0
383.0,rsu5,1
383.0,edge1,9
383.0,edge2,1
384.0,rsu1,2
384.0,rsu2,0
384.0,rsu3,0
384.0,rsu4,0
384.0,rsu5,1
384.0,edge1,9
384.0,edge2,1
385.0,rsu1,2
385.0,rsu2,0
385.0,rsu3,0
385.0,rsu4,0
385.0,rsu5,1
385.0,edge1,9
385.0,edge2,1
386.0,rsu1,2
386.0,rsu2,0
386.0,rsu3,0
386.0,rsu4,0
386.0,rsu5,1
386.0,edge1,10
386.0,edge2,1
387.0,rsu1,3
387.0,rsu2,0
387.0,rsu3,0
387.0,rsu4,0
387.0,rsu5,1
387.0,edge1,10
387.0,edge2,1
388.0,rsu1,3
388.0,rsu2,0
388.0,rsu3,0
388.0,rsu4,0
388.0,rsu5,1
388.0,edge1,10
388.0,edge2,1
389.0,rsu1,3
389.0,rsu2,0
389.0,rsu3,1
389.0,rsu4,0
389.0,rsu5,1
389.0,edge1,10
389.0,edge2,1
390.0,rsu1,3
390.0,rsu2,0
390.0,rsu3,1
390.0,rsu4,0
390.0,rsu5,1
390.0,edge1,10
390.0,edge2,1
391.0,rsu1,3
391.0,rsu2,0
391.0,rsu3,1
391.0,rsu4,0
391.0,rsu5,1
391.0,edge1,11
391.0,edge2,1
392.0,rsu1,3
392.0,rsu2,0
392.0,rsu3,1
392.0,rsu4,0
392.0,rsu5,0
392.0,edge1,11
392.0,edge2,1
393.0,rsu1,3
393.0,rsu2,0
393.0,rsu3,1
393.0,rsu4,0
393.0,rsu5,0
393.0,edge1,11
393.0,edge2,1
394.0,rsu1,3
394.0,rsu2,0
394.0,rsu3,1
394.0,rsu4,0
394.0,rsu5,0
394.0,edge1,11
394.0,edge2,1
395.0,rsu1,3
395.0,rsu2,0
395.0,rsu3,1
395.0,rsu4,0
395.0,rsu5,0
395.0,edge1,11
395.0,edge2,1
396.0,rsu1,3
396.0,rsu2,0
396.0,rsu3,1
396.0,rsu4,0
396.0,rsu5,0
396.0,edge1,11
396.0,edge2,1
397.0,rsu1,3
397.0,rsu2,0
397.0,rsu3,1
397.0,rsu4,0
397.0,rsu5,0
397.0,edge1,11
397.0,edge2,1
398.0,rsu1,3
398.0,rsu2,1
398.0,rsu3,1
398.0,rsu4,0
398.0,rsu5,0
398.0,edge1,11
398.0,edge2,1
399.0,rsu1,3
399.0,rsu2,1
399.0,rsu3,1
399.0,rsu4,0
399.0,rsu5,0
399.0,edge1,11
399.0,edge2,1
400.0,rsu1,3
400.0,rsu2,1
400.0,rsu3,1
400.0,rsu4,0
400.0,rsu5,0
400.0,edge1,11
400.0,edge2,1
401.0,rsu1,3
401.0,rsu2,1
401.0,rsu3,0
401.0,rsu4,0
401.0,rsu5,0
401.0,edge1,12
401.0,edge2,1
402.0,rsu1,2
402.0,rsu2,1
402.0,rsu3,0
402.0,rsu4,0
402.0,rsu5,0
402.0,edge1,12
402.0,edge2,1
403.0,rsu1,2
403.0,rsu2,1
403.0,rsu3,0
403.0,rsu4,0
403.0,rsu5,0
403.0,edge1,12
403.0,edge2,1
404.0,rsu1,1
404.0,rsu2,1
404.0,rsu3,0
404.0,rsu4,0
404.0,rsu5,0
404.0,edge1,11
404.0,edge2,1
405.0,rsu1,1
405.0,rsu2,1
405.0,rsu3,0
405.0,rsu4,0
405.0,rsu5,0
405.0,edge1,11
405.0,edge2,1
406.0,rsu1,1
406.0,rsu2,2
406.0,rsu3,0
406.0,rsu4,0
406.0,rsu5,0
406.0,edge1,11
406.0,edge2,1
407.0,rsu1,1
407.0,rsu2,2
407.0,rsu3,0
407.0,rsu4,0
407.0,rsu5,0
407.0,edge1,11
407.0,edge2,1
408.0,rsu1,1
408.0,rsu2,1
408.0,rsu3,1
408.0,rsu4,0
408.0,rsu5,0
408.0,edge1,11
408.0,edge2,1
409.0,rsu1,1
409.0,rsu2,1
409.0,rsu3,1
409.0,rsu4,0
409.0,rsu5,0
409.0,edge1,11
409.0,edge2,1
410.0,rsu1,1
410.0,rsu2,1
410.0,rsu3,1
410.0,rsu4,0
410.0,rsu5,0
410.0,edge1,11
410.0,edge2,1
411.0,rsu1,1
411.0,rsu2,1
411.0,rsu3,2
411.0,rsu4,0
411.0,rsu5,0
411.0,edge1,12
411.0,edge2,1
412.0,rsu1,1
412.0,rsu2,1
412.0,rsu3,2
412.0,rsu4,0
412.0,rsu5,0
412.0,edge1,12
412.0,edge2,1
413.0,rsu1,1
413.0,rsu2,1
413.0,rsu3,2
413.0,rsu4,0
413.0,rsu5,0
413.0,edge1,12
413.0,edge2,1
414.0,rsu1,1
414.0,rsu2,1
414.0,rsu3,2
414.0,rsu4,0
414.0,rsu5,0
414.0,edge1,12
414.0,edge2,1
415.0,rsu1,1
415.0,rsu2,1
415.0,rsu3,2
415.0,rsu4,0
415.0,rsu5,0
415.0,edge1,12
415.0,edge2,1
416.0,rsu1,1
416.0,rsu2,1
416.0,rsu3,2
416.0,rsu4,0
416.0,rsu5,0
416.0,edge1,12
416.0,edge2,1
417.0,rsu1,1
417.0,rsu2,1
417.0,rsu3,2
417.0,rsu4,0
417.0,rsu5,0
417.0,edge1,12
417.0,edge2,1
418.0,rsu1,2
418.0,rsu2,1
418.0,rsu3,2
418.0,rsu4,0
418.0,rsu5,0
418.0,edge1,12
418.0,edge2,1
419.0,rsu1,2
419.0,rsu2,1
419.0,rsu3,1
419.0,rsu4,0
419.0,rsu5,0
419.0,edge1,12
419.0,edge2,1
420.0,rsu1,2
420.0,rsu2,1
420.0,rsu3,1
420.0,rsu4,0
420.0,rsu5,0
420.0,edge1,12
420.0,edge2,1
421.0,rsu1,2
421.0,rsu2,1
421.0,rsu3,1
421.0,rsu4,0
421.0,rsu5,0
421.0,edge1,13
421.0,edge2,1
422.0,rsu1,1
422.0,rsu2,2
422.0,rsu3,1
422.0,rsu4,0
422.0,rsu5,0
422.0,edge1,12
422.0,edge2,1
423.0,rsu1,2
423.0,rsu2,2
423.0,rsu3,1
423.0,rsu4,0
423.0,rsu5,0
423.0,edge1,12
423.0,edge2,1
424.0,rsu1,2
424.0,rsu2,2
424.0,rsu3,1
424.0,rsu4,0
424.0,rsu5,0
424.0,edge1,12
424.0,edge2,1
425.0,rsu1,2
425.0,rsu2,2
425.0,rsu3,1
425.0,rsu4,0
425.0,rsu5,0
425.0,edge1,12
425.0,edge2,1
426.0,rsu1,2
426.0,rsu2,2
426.0,rsu3,1
426.0,rsu4,0
426.0,rsu5,0
426.0,edge1,12
426.0,edge2,1
427.0,rsu1,2
427.0,rsu2,2
427.0,rsu3,1
427.0,rsu4,0
427.0,rsu5,0
427.0,edge1,12
427.0,edge2,0
428.0,rsu1,2
428.0,rsu2,2
428.0,rsu3,1
428.0,rsu4,0
428.0,rsu5,0
428.0,edge1,12
428.0,edge2,0
429.0,rsu1,2
429.0,rsu2,2
429.0,rsu3,1
429.0,rsu4,0
429.0,rsu5,0
429.0,edge1,12
429.0,edge2,0
430.0,rsu1,2
430.0,rsu2,2
430.0,rsu3,1
430.0,rsu4,0
430.0,rsu5,0
430.0,edge1,12
430.0,edge2,0
431.0,rsu1,2
431.0,rsu2,2
431.0,rsu3,1
431.0,rsu4,0
431.0,rsu5,0
431.0,edge1,13
431.0,edge2,0
432.0,rsu1,2
432.0,rsu2,2
432.0,rsu3,1
432.0,rsu4,0
432.0,rsu5,0
432.0,edge1,13
432.0,edge2,0
433.0,rsu1,2
433.0,rsu2,2
433.0,rsu3,1
433.0,rsu4,0
433.0,rsu5,0
433.0,edge1,13
433.0,edge2,0
434.0,rsu1,2
434.0,rsu2,2
434.0,rsu3,1
434.0,rsu4,0
434.0,rsu5,0
434.0,edge1,13
434.0,edge2,0
435.0,rsu1,2
435.0,rsu2,2
435.0,rsu3,1
435.0,rsu4,0
435.0,rsu5,0
435.0,edge1,12
435.0,edge2,0
436.0,rsu1,2
436.0,rsu2,2
436.0,rsu3,1
436.0,rsu4,0
436.0,rsu5,0
436.0,edge1,12
436.0,edge2,0
437.0,rsu1,2
437.0,rsu2,1
437.0,rsu3,1
437.0,rsu4,0
437.0,rsu5,0
437.0,edge1,11
437.0,edge2,0
438.0,rsu1,1
438.0,rsu2,1
438.0,rsu3,1
438.0,rsu4,0
438.0,rsu5,0
438.0,edge1,11
438.0,edge2,0
439.0,rsu1,1
439.0,rsu2,1
439.0,rsu3,1
439.0,rsu4,0
439.0,rsu5,0
439.0,edge1,10
439.0,edge2,1
440.0,rsu1,1
440.0,rsu2,1
440.0,rsu3,1
440.0,rsu4,0
440.0,rsu5,0
440.0,edge1,10
440.0,edge2,1
441.0,rsu1,1
441.0,rsu2,1
441.0,rsu3,1
441.0,rsu4,0
441.0,rsu5,0
441.0,edge1,11
441.0,edge2,1
442.0,rsu1,1
442.0,rsu2,1
442.0,rsu3,1
442.0,rsu4,0
442.0,rsu5,0
442.0,edge1,11
442.0,edge2,1
443.0,rsu1,1
443.0,rsu2,1
443.0,rsu3,2
443.0,rsu4,0
443.0,rsu5,0
443.0,edge1,11
443.0,edge2,1
444.0,rsu1,1
444.0,rsu2,1
444.0,rsu3,2
444.0,rsu4,0
444.0,rsu5,0
444.0,edge1,11
444.0,edge2,1
445.0,rsu1,1
445.0,rsu2,1
445.0,rsu3,2
445.0,rsu4,0
445.0,rsu5,0
445.0,edge1,11
445.0,edge2,1
446.0,rsu1,2
446.0,rsu2,1
446.0,rsu3,2
446.0,rsu4,0
446.0,rsu5,0
446.0,edge1,10
446.0,edge2,1
447.0,rsu1,2
447.0,rsu2,1
447.0,rsu3,2
447.0,rsu4,0
447.0,rsu5,0
447.0,edge1,10
447.0,edge2,1
448.0,rsu1,2
448.0,rsu2,1
448.0,rsu3,2
448.0,rsu4,0
448.0,rsu5,0
448.0,edge1,10
448.0,edge2,1
449.0,rsu1,2
449.0,rsu2,1
449.0,rsu3,2
449.0,rsu4,0
449.0,rsu5,0
449.0,edge1,10
449.0,edge2,1
450.0,rsu1,2
450.0,rsu2,1
450.0,rsu3,2
450.0,rsu4,0
450.0,rsu5,0
450.0,edge1,10
450.0,edge2,1
451.0,rsu1,2
451.0,rsu2,1
451.0,rsu3,1
451.0,rsu4,0
451.0,rsu5,0
451.0,edge1,11
451.0,edge2,2
452.0,rsu1,2
452.0,rsu2,1
452.0,rsu3,1
452.0,rsu4,0
452.0,rsu5,0
452.0,edge1,11
452.0,edge2,2
453.0,rsu1,2
453.0,rsu2,1
453.0,rsu3,1
453.0,rsu4,0
453.0,rsu5,0
453.0,edge1,11
453.0,edge2,2
454.0,rsu1,2
454.0,rsu2,1
454.0,rsu3,2
454.0,rsu4,0
454.0,rsu5,0
454.0,edge1,11
454.0,edge2,2
455.0,rsu1,2
455.0,rsu2,1
455.0,rsu3,2
455.0,rsu4,0
455.0,rsu5,0
455.0,edge1,11
455.0,edge2,2
456.0,rsu1,2
456.0,rsu2,1
456.0,rsu3,2
456.0,rsu4,0
456.0,rsu5,0
456.0,edge1,11
456.0,edge2,2
457.0,rsu1,2
457.0,rsu2,0
457.0,rsu3,2
457.0,rsu4,0
457.0,rsu5,0
457.0,edge1,11
457.0,edge2,2
458.0,rsu1,2
458.0,rsu2,0
458.0,rsu3,2
458.0,rsu4,0
458.0,rsu5,0
458.0,edge1,11
458.0,edge2,2
459.0,rsu1,2
459.0,rsu2,0
459.0,rsu3,2
459.0,rsu4,0
459.0,rsu5,0
459.0,edge1,11
459.0,edge2,3
460.0,rsu1,2
460.0,rsu2,0
460.0,rsu3,2
460.0,rsu4,0
460.0,rsu5,0
460.0,edge1,11
460.0,edge2,3
461.0,rsu1,2
461.0,rsu2,0
461.0,rsu3,2
461.0,rsu4,0
461.0,rsu5,0
461.0,edge1,11
461.0,edge2,3
462.0,rsu1,2
462.0,rsu2,0
462.0,rsu3,3
462.0,rsu4,0
462.0,rsu5,0
462.0,edge1,11
462.0,edge2,3
463.0,rsu1,3
463.0,rsu2,0
463.0,rsu3,3
463.0,rsu4,0
463.0,rsu5,0
463.0,edge1,11
463.0,edge2,3
464.0,rsu1,2
464.0,rsu2,0
464.0,rsu3,3
464.0,rsu4,0
464.0,rsu5,0
464.0,edge1,10
464.0,edge2,2
465.0,rsu1,2
465.0,rsu2,0
465.0,rsu3,3
465.0,rsu4,0
465.0,rsu5,0
465.0,edge1,10
465.0,edge2,2
466.0,rsu1,2
466.0,rsu2,0
466.0,rsu3,3
466.0,rsu4,0
466.0,rsu5,0
466.0,edge1,10
466.0,edge2,2
467.0,rsu1,2
467.0,rsu2,0
467.0,rsu3,3
467.0,rsu4,0
467.0,rsu5,0
467.0,edge1,10
467.0,edge2,2
468.0,rsu1,2
468.0,rsu2,0
468.0,rsu3,3
468.0,rsu4,0
468.0,rsu5,0
468.0,edge1,10
468.0,edge2,2
469.0,rsu1,2
469.0,rsu2,0
469.0,rsu3,3
469.0,rsu4,0
469.0,rsu5,0
469.0,edge1,10
469.0,edge2,2
470.0,rsu1,2
470.0,rsu2,0
470.0,rsu3,3
470.0,rsu4,0
470.0,rsu5,0
470.0,edge1,10
470.0,edge2,2
471.0,rsu1,2
471.0,rsu2,0
471.0,rsu3,3
471.0,rsu4,0
471.0,rsu5,0
471.0,edge1,11
471.0,edge2,2
472.0,rsu1,2
472.0,rsu2,0
472.0,rsu3,3
472.0,rsu4,0
472.0,rsu5,0
472.0,edge1,11
472.0,edge2,2
473.0,rsu1,2
473.0,rsu2,1
473.0,rsu3,3
473.0,rsu4,0
473.0,rsu5,0
473.0,edge1,11
473.0,edge2,1
474.0,rsu1,2
474.0,rsu2,1
474.0,rsu3,3
474.0,rsu4,0
474.0,rsu5,0
474.0,edge1,11
474.0,edge2,1
475.0,rsu1,3
475.0,rsu2,1
475.0,rsu3,3
475.0,rsu4,0
475.0,rsu5,0
475.0,edge1,11
475.0,edge2,1
476.0,rsu1,3
476.0,rsu2,1
476.0,rsu3,3
476.0,rsu4,0
476.0,rsu5,0
476.0,edge1,11
476.0,edge2,1
477.0,rsu1,3
477.0,rsu2,1
477.0,rsu3,3
477.0,rsu4,0
477.0,rsu5,0
477.0,edge1,11
477.0,edge2,0
478.0,rsu1,3
478.0,rsu2,1
478.0,rsu3,3
478.0,rsu4,0
478.0,rsu5,0
478.0,edge1,11
478.0,edge2,0
479.0,rsu1,3
479.0,rsu2,1
479.0,rsu3,2
479.0,rsu4,0
479.0,rsu5,0
479.0,edge1,11
479.0,edge2,0
480.0,rsu1,3
480.0,rsu2,1
480.0,rsu3,2
480.0,rsu4,0
480.0,rsu5,0
480.0,edge1,10
480.0,edge2,0
481.0,rsu1,3
481.0,rsu2,1
481.0,rsu3,2
481.0,rsu4,0
481.0,rsu5,0
481.0,edge1,11
481.0,edge2,0
482.0,rsu1,4
482.0,rsu2,1
482.0,rsu3,2
482.0,rsu4,0
482.0,rsu5,0
482.0,edge1,11
482.0,edge2,0
483.0,rsu1,4
483.0,rsu2,1
483.0,rsu3,2
483.0,rsu4,0
483.0,rsu5,0
483.0,edge1,11
483.0,edge2,0
484.0,rsu1,4
484.0,rsu2,1
484.0,rsu3,2
484.0,rsu4,0
484.0,rsu5,0
484.0,edge1,11
484.0,edge2,1
485.0,rsu1,4
485.0,rsu2,1
485.0,rsu3,2
485.0,rsu4,0
485.0,rsu5,0
485.0,edge1,11
485.0,edge2,1
486.0,rsu1,4
486.0,rsu2,1
486.0,rsu3,2
486.0,rsu4,0
486.0,rsu5,1
486.0,edge1,11
486.0,edge2,1
487.0,rsu1,4
487.0,rsu2,1
487.0,rsu3,2
487.0,rsu4,0
487.0,rsu5,1
487.0,edge1,11
487.0,edge2,2
488.0,rsu1,4
488.0,rsu2,2
488.0,rsu3,1
488.0,rsu4,0
488.0,rsu5,1
488.0,edge1,11
488.0,edge2,2
489.0,rsu1,5
489.0,rsu2,1
489.0,rsu3,1
489.0,rsu4,0
489.0,rsu5,1
489.0,edge1,10
489.0,edge2,2
490.0,rsu1,3
490.0,rsu2,1
490.0,rsu3,1
490.0,rsu4,0
490.0,rsu5,1
490.0,edge1,9
490.0,edge2,1
491.0,rsu1,3
491.0,rsu2,1
491.0,rsu3,1
491.0,rsu4,1
491.0,rsu5,1
491.0,edge1,9
491.0,edge2,2
492.0,rsu1,3
492.0,rsu2,1
492.0,rsu3,2
492.0,rsu4,1
492.0,rsu5,1
492.0,edge1,9
492.0,edge2,2
493.0,rsu1,3
493.0,rsu2,1
493.0,rsu3,2
493.0,rsu4,1
493.0,rsu5,1
493.0,edge1,9
493.0,edge2,2
494.0,rsu1,3
494.0,rsu2,1
494.0,rsu3,1
494.0,rsu4,1
494.0,rsu5,1
494.0,edge1,9
494.0,edge2,3
495.0,rsu1,3
495.0,rsu2,1
495.0,rsu3,2
495.0,rsu4,1
495.0,rsu5,1
495.0,edge1,9
495.0,edge2,3
496.0,rsu1,3
496.0,rsu2,1
496.0,rsu3,2
496.0,rsu4,1
496.0,rsu5,1
496.0,edge1,9
496.0,edge2,4
497.0,rsu1,2
497.0,rsu2,1
497.0,rsu3,2
497.0,rsu4,1
497.0,rsu5,1
497.0,edge1,8
497.0,edge2,4
498.0,rsu1,2
498.0,rsu2,0
498.0,rsu3,2
498.0,rsu4,1
498.0,rsu5,1
498.0,edge1,8
498.0,edge2,4
499.0,rsu1,2
499.0,rsu2,0
499.0,rsu3,2
499.0,rsu4,1
499.0,rsu5,1
499.0,edge1,8
499.0,edge2,4
500.0,rsu1,2
500.0,rsu2,0
500.0,rsu3,2
500.0,rsu4,1
500.0,rsu5,1
500.0,edge1,7
500.0,edge2,3
501.0,rsu1,2
501.0,rsu2,0
501.0,rsu3,2
501.0,rsu4,1
501.0,rsu5,1
501.0,edge1,7
501.0,edge2,3
502.0,rsu1,2
502.0,rsu2,0
502.0,rsu3,2
502.0,rsu4,1
502.0,rsu5,1
502.0,edge1,7
502.0,edge2,3
503.0,rsu1,2
503.0,rsu2,0
503.0,rsu3,2
503.0,rsu4,1
503.0,rsu5,1
503.0,edge1,7
503.0,edge2,3
504.0,rsu1,1
504.0,rsu2,0
504.0,rsu3,2
504.0,rsu4,1
504.0,rsu5,1
504.0,edge1,6
504.0,edge2,2
505.0,rsu1,1
505.0,rsu2,0
505.0,rsu3,2
505.0,rsu4,1
505.0,rsu5,0
505.0,edge1,7
505.0,edge2,2
506.0,rsu1,1
506.0,rsu2,0
506.0,rsu3,1
506.0,rsu4,1
506.0,rsu5,0
506.0,edge1,7
506.0,edge2,2
507.0,rsu1,1
507.0,rsu2,0
507.0,rsu3,1
507.0,rsu4,1
507.0,rsu5,0
507.0,edge1,7
507.0,edge2,2
508.0,rsu1,1
508.0,rsu2,0
508.0,rsu3,1
508.0,rsu4,1
508.0,rsu5,0
508.0,edge1,7
508.0,edge2,2
509.0,rsu1,0
509.0,rsu2,0
509.0,rsu3,1
509.0,rsu4,1
509.0,rsu5,0
509.0,edge1,5
509.0,edge2,1
510.0,rsu1,0
510.0,rsu2,0
510.0,rsu3,0
510.0,rsu4,1
510.0,rsu5,0
510.0,edge1,5
510.0,edge2,1
511.0,rsu1,0
511.0,rsu2,0
511.0,rsu3,0
511.0,rsu4,1
511.0,rsu5,0
511.0,edge1,5
511.0,edge2,1
512.0,rsu1,0
512.0,rsu2,0
512.0,rsu3,0
512.0,rsu4,1
512.0,rsu5,0
512.0,edge1,5
512.0,edge2,1
513.0,rsu1,0
513.0,rsu2,0
513.0,rsu3,0
513.0,rsu4,1
513.0,rsu5,0
513.0,edge1,5
513.0,edge2,1
514.0,rsu1,0
514.0,rsu2,0
514.0,rsu3,0
514.0,rsu4,1
514.0,rsu5,0
514.0,edge1,5
514.0,edge2,1
515.0,rsu1,1
515.0,rsu2,0
515.0,rsu3,0
515.0,rsu4,1
515.0,rsu5,0
515.0,edge1,5
515.0,edge2,1
516.0,rsu1,1
516.0,rsu2,0
516.0,rsu3,0
516.0,rsu4,1
516.0,rsu5,0
516.0,edge1,5
516.0,edge2,1
517.0,rsu1,1
517.0,rsu2,0
517.0,rsu3,0
517.0,rsu4,0
517.0,rsu5,0
517.0,edge1,5
517.0,edge2,1
518.0,rsu1,1
518.0,rsu2,0
518.0,rsu3,0
518.0,rsu4,0
518.0,rsu5,1
518.0,edge1,5
518.0,edge2,1
519.0,rsu1,1
519.0,rsu2,0
519.0,rsu3,0
519.0,rsu4,0
519.0,rsu5,1
519.0,edge1,5
519.0,edge2,1
520.0,rsu1,1
520.0,rsu2,0
520.0,rsu3,0
520.0,rsu4,0
520.0,rsu5,1
520.0,edge1,5
520.0,edge2,1
521.0,rsu1,1
521.0,rsu2,0
521.0,rsu3,0
521.0,rsu4,0
521.0,rsu5,1
521.0,edge1,5
521.0,edge2,1
522.0,rsu1,1
522.0,rsu2,0
522.0,rsu3,0
522.0,rsu4,0
522.0,rsu5,1
522.0,edge1,5
522.0,edge2,1
523.0,rsu1,1
523.0,rsu2,0
523.0,rsu3,0
523.0,rsu4,0
523.0,rsu5,1
523.0,edge1,5
523.0,edge2,1
524.0,rsu1,1
524.0,rsu2,0
524.0,rsu3,0
524.0,rsu4,0
524.0,rsu5,1
524.0,edge1,5
524.0,edge2,1
525.0,rsu1,1
525.0,rsu2,0
525.0,rsu3,0
525.0,rsu4,0
525.0,rsu5,1
525.0,edge1,5
525.0,edge2,1
526.0,rsu1,1
526.0,rsu2,0
526.0,rsu3,0
526.0,rsu4,0
526.0,rsu5,1
526.0,edge1,5
526.0,edge2,1
527.0,rsu1,1
527.0,rsu2,0
527.0,rsu3,0
527.0,rsu4,0
527.0,rsu5,1
527.0,edge1,5
527.0,edge2,1
528.0,rsu1,1
528.0,rsu2,0
528.0,rsu3,0
528.0,rsu4,0
528.0,rsu5,0
528.0,edge1,4
528.0,edge2,1
529.0,rsu1,1
529.0,rsu2,0
529.0,rsu3,0
529.0,rsu4,0
529.0,rsu5,0
529.0,edge1,4
529.0,edge2,1
530.0,rsu1,1
530.0,rsu2,0
530.0,rsu3,0
530.0,rsu4,0
530.0,rsu5,0
530.0,edge1,4
530.0,edge2,2
531.0,rsu1,1
531.0,rsu2,0
531.0,rsu3,0
531.0,rsu4,0
531.0,rsu5,0
531.0,edge1,4
531.0,edge2,2
532.0,rsu1,1
532.0,rsu2,0
532.0,rsu3,0
532.0,rsu4,0
532.0,rsu5,0
532.0,edge1,4
532.0,edge2,2
533.0,rsu1,1
533.0,rsu2,0
533.0,rsu3,0
533.0,rsu4,0
533.0,rsu5,0
533.0,edge1,4
533.0,edge2,2
534.0,rsu1,1
534.0,rsu2,0
534.0,rsu3,0
534.0,rsu4,0
534.0,rsu5,0
534.0,edge1,4
534.0,edge2,2
535.0,rsu1,1
535.0,rsu2,0
535.0,rsu3,0
535.0,rsu4,0
535.0,rsu5,0
535.0,edge1,3
535.0,edge2,2
536.0,rsu1,1
536.0,rsu2,0
536.0,rsu3,0
536.0,rsu4,0
536.0,rsu5,0
536.0,edge1,3
536.0,edge2,2
537.0,rsu1,1
537.0,rsu2,0
537.0,rsu3,0
537.0,rsu4,0
537.0,rsu5,0
537.0,edge1,3
537.0,edge2,2
538.0,rsu1,1
538.0,rsu2,0
538.0,rsu3,0
538.0,rsu4,0
538.0,rsu5,0
538.0,edge1,3
538.0,edge2,2
539.0,rsu1,1
539.0,rsu2,0
539.0,rsu3,0
539.0,rsu4,0
539.0,rsu5,0
539.0,edge1,3
539.0,edge2,2
540.0,rsu1,1
540.0,rsu2,0
540.0,rsu3,0
540.0,rsu4,0
540.0,rsu5,0
540.0,edge1,3
540.0,edge2,2
541.0,rsu1,1
541.0,rsu2,0
541.0,rsu3,0
541.0,rsu4,0
541.0,rsu5,0
541.0,edge1,3
541.0,edge2,2
542.0,rsu1,1
542.0,rsu2,0
542.0,rsu3,1
542.0,rsu4,0
542.0,rsu5,0
542.0,edge1,3
542.0,edge2,2
543.0,rsu1,0
543.0,rsu2,0
543.0,rsu3,1
543.0,rsu4,0
543.0,rsu5,0
543.0,edge1,3
543.0,edge2,2
544.0,rsu1,0
544.0,rsu2,0
544.0,rsu3,1
544.0,rsu4,0
544.0,rsu5,0
544.0,edge1,3
544.0,edge2,2
545.0,rsu1,0
545.0,rsu2,0
545.0,rsu3,1
545.0,rsu4,0
545.0,rsu5,0
545.0,edge1,3
545.0,edge2,2
546.0,rsu1,0
546.0,rsu2,0
546.0,rsu3,1
546.0,rsu4,0
546.0,rsu5,0
546.0,edge1,3
546.0,edge2,2
547.0,rsu1,0
547.0,rsu2,0
547.0,rsu3,1
547.0,rsu4,0
547.0,rsu5,0
547.0,edge1,3
547.0,edge2,2
548.0,rsu1,0
548.0,rsu2,0
548.0,rsu3,1
548.0,rsu4,0
548.0,rsu5,0
548.0,edge1,3
548.0,edge2,2
549.0,rsu1,0
549.0,rsu2,0
549.0,rsu3,1
549.0,rsu4,0
549.0,rsu5,0
549.0,edge1,3
549.0,edge2,2
550.0,rsu1,0
550.0,rsu2,0
550.0,rsu3,1
550.0,rsu4,0
550.0,rsu5,0
550.0,edge1,3
550.0,edge2,2
551.0,rsu1,0
551.0,rsu2,0
551.0,rsu3,1
551.0,rsu4,0
551.0,rsu5,0
551.0,edge1,3
551.0,edge2,2
552.0,rsu1,0
552.0,rsu2,0
552.0,rsu3,1
552.0,rsu4,0
552.0,rsu5,0
552.0,edge1,3
552.0,edge2,2
553.0,rsu1,0
553.0,rsu2,0
553.0,rsu3,1
553.0,rsu4,0
553.0,rsu5,0
553.0,edge1,3
553.0,edge2,2
554.0,rsu1,0
554.0,rsu2,0
554.0,rsu3,1
554.0,rsu4,0
554.0,rsu5,0
554.0,edge1,3
554.0,edge2,2
555.0,rsu1,0
555.0,rsu2,0
555.0,rsu3,1
555.0,rsu4,0
555.0,rsu5,0
555.0,edge1,3
555.0,edge2,2
556.0,rsu1,0
556.0,rsu2,0
556.0,rsu3,0
556.0,rsu4,0
556.0,rsu5,0
556.0,edge1,3
556.0,edge2,2
557.0,rsu1,1
557.0,rsu2,0
557.0,rsu3,0
557.0,rsu4,0
557.0,rsu5,0
557.0,edge1,3
557.0,edge2,2
558.0,rsu1,1
558.0,rsu2,0
558.0,rsu3,0
558.0,rsu4,0
558.0,rsu5,0
558.0,edge1,3
558.0,edge2,2
559.0,rsu1,1
559.0,rsu2,0
559.0,rsu3,0
559.0,rsu4,0
559.0,rsu5,0
559.0,edge1,3
559.0,edge2,2
560.0,rsu1,1
560.0,rsu2,0
560.0,rsu3,0
560.0,rsu4,0
560.0,rsu5,0
560.0,edge1,3
560.0,edge2,2
561.0,rsu1,2
561.0,rsu2,0
561.0,rsu3,0
561.0,rsu4,0
561.0,rsu5,0
561.0,edge1,3
561.0,edge2,2
562.0,rsu1,2
562.0,rsu2,0
562.0,rsu3,0
562.0,rsu4,0
562.0,rsu5,0
562.0,edge1,3
562.0,edge2,2
563.0,rsu1,2
563.0,rsu2,0
563.0,rsu3,0
563.0,rsu4,0
563.0,rsu5,0
563.0,edge1,3
563.0,edge2,2
564.0,rsu1,2
564.0,rsu2,0
564.0,rsu3,0
564.0,rsu4,0
564.0,rsu5,0
564.0,edge1,3
564.0,edge2,2
565.0,rsu1,2
565.0,rsu2,0
565.0,rsu3,0
565.0,rsu4,0
565.0,rsu5,0
565.0,edge1,3
565.0,edge2,2
566.0,rsu1,2
566.0,rsu2,0
566.0,rsu3,0
566.0,rsu4,0
566.0,rsu5,0
566.0,edge1,3
566.0,edge2,2
567.0,rsu1,2
567.0,rsu2,0
567.0,rsu3,0
567.0,rsu4,0
567.0,rsu5,0
567.0,edge1,3
567.0,edge2,2
568.0,rsu1,2
568.0,rsu2,0
568.0,rsu3,0
568.0,rsu4,0
568.0,rsu5,0
568.0,edge1,3
568.0,edge2,2
569.0,rsu1,2
569.0,rsu2,0
569.0,rsu3,0
569.0,rsu4,0
569.0,rsu5,0
569.0,edge1,3
569.0,edge2,2
570.0,rsu1,2
570.0,rsu2,0
570.0,rsu3,0
570.0,rsu4,0
570.0,rsu5,0
570.0,edge1,3
570.0,edge2,1
571.0,rsu1,2
571.0,rsu2,0
571.0,rsu3,0
571.0,rsu4,0
571.0,rsu5,0
571.0,edge1,3
571.0,edge2,1
572.0,rsu1,2
572.0,rsu2,0
572.0,rsu3,0
572.0,rsu4,0
572.0,rsu5,0
572.0,edge1,3
572.0,edge2,1
573.0,rsu1,2
573.0,rsu2,0
573.0,rsu3,0
573.0,rsu4,0
573.0,rsu5,0
573.0,edge1,3
573.0,edge2,1
574.0,rsu1,2
574.0,rsu2,0
574.0,rsu3,0
574.0,rsu4,0
574.0,rsu5,0
574.0,edge1,3
574.0,edge2,1
575.0,rsu1,2
575.0,rsu2,0
575.0,rsu3,0
575.0,rsu4,0
575.0,rsu5,0
575.0,edge1,3
575.0,edge2,1
576.0,rsu1,2
576.0,rsu2,0
576.0,rsu3,0
576.0,rsu4,0
576.0,rsu5,0
576.0,edge1,3
576.0,edge2,2
577.0,rsu1,2
577.0,rsu2,0
577.0,rsu3,0
577.0,rsu4,0
577.0,rsu5,0
577.0,edge1,3
577.0,edge2,2
578.0,rsu1,2
578.0,rsu2,0
578.0,rsu3,0
578.0,rsu4,0
578.0,rsu5,0
578.0,edge1,3
578.0,edge2,2
579.0,rsu1,2
579.0,rsu2,0
579.0,rsu3,0
579.0,rsu4,0
579.0,rsu5,0
579.0,edge1,3
579.0,edge2,2
580.0,rsu1,2
580.0,rsu2,0
580.0,rsu3,0
580.0,rsu4,1
580.0,rsu5,0
580.0,edge1,3
580.0,edge2,2
581.0,rsu1,2
581.0,rsu2,0
581.0,rsu3,0
581.0,rsu4,1
581.0,rsu5,0
581.0,edge1,3
581.0,edge2,2
582.0,rsu1,2
582.0,rsu2,0
582.0,rsu3,0
582.0,rsu4,1
582.0,rsu5,0
582.0,edge1,3
582.0,edge2,2
583.0,rsu1,2
583.0,rsu2,0
583.0,rsu3,0
583.0,rsu4,1
583.0,rsu5,0
583.0,edge1,3
583.0,edge2,2
584.0,rsu1,2
584.0,rsu2,0
584.0,rsu3,0
584.0,rsu4,1
584.0,rsu5,0
584.0,edge1,3
584.0,edge2,2
585.0,rsu1,2
585.0,rsu2,0
585.0,rsu3,0
585.0,rsu4,1
585.0,rsu5,0
585.0,edge1,3
585.0,edge2,2
586.0,rsu1,2
586.0,rsu2,0
586.0,rsu3,0
586.0,rsu4,1
586.0,rsu5,0
586.0,edge1,3
586.0,edge2,2
587.0,rsu1,2
587.0,rsu2,0
587.0,rsu3,0
587.0,rsu4,1
587.0,rsu5,0
587.0,edge1,3
587.0,edge2,2
588.0,rsu1,2
588.0,rsu2,0
588.0,rsu3,0
588.0,rsu4,1
588.0,rsu5,0
588.0,edge1,3
588.0,edge2,2
589.0,rsu1,2
589.0,rsu2,0
589.0,rsu3,0
589.0,rsu4,1
589.0,rsu5,0
589.0,edge1,3
589.0,edge2,2
590.0,rsu1,2
590.0,rsu2,0
590.0,rsu3,0
590.0,rsu4,1
590.0,rsu5,0
590.0,edge1,3
590.0,edge2,2
591.0,rsu1,2
591.0,rsu2,0
591.0,rsu3,0
591.0,rsu4,1
591.0,rsu5,0
591.0,edge1,3
591.0,edge2,2
592.0,rsu1,2
592.0,rsu2,0
592.0,rsu3,0
592.0,rsu4,1
592.0,rsu5,0
592.0,edge1,2
592.0,edge2,2
593.0,rsu1,2
593.0,rsu2,0
593.0,rsu3,0
593.0,rsu4,1
593.0,rsu5,0
593.0,edge1,2
593.0,edge2,2
594.0,rsu1,2
594.0,rsu2,0
594.0,rsu3,0
594.0,rsu4,1
594.0,rsu5,0
594.0,edge1,2
594.0,edge2,2
595.0,rsu1,2
595.0,rsu2,0
595.0,rsu3,0
595.0,rsu4,1
595.0,rsu5,0
595.0,edge1,2
595.0,edge2,2
596.0,rsu1,2
596.0,rsu2,0
596.0,rsu3,0
596.0,rsu4,1
596.0,rsu5,0
596.0,edge1,2
596.0,edge2,1
597.0,rsu1,2
597.0,rsu2,0
597.0,rsu3,0
597.0,rsu4,1
597.0,rsu5,0
597.0,edge1,2
597.0,edge2,1
598.0,rsu1,2
598.0,rsu2,0
598.0,rsu3,0
598.0,rsu4,1
598.0,rsu5,0
598.0,edge1,2
598.0,edge2,1
599.0,rsu1,2
599.0,rsu2,0
599.0,rsu3,0
599.0,rsu4,1
599.0,rsu5,0
599.0,edge1,2
599.0,edge2,1
600.0,rsu1,2
600.0,rsu2,0
600.0,rsu3,0
600.0,rsu4,1
600.0,rsu5,0
600.0,edge1,2
600.0,edge2,1
601.0,rsu1,2
601.0,rsu2,0
601.0,rsu3,0
601.0,rsu4,1
601.0,rsu5,0
601.0,edge1,2
601.0,edge2,1
602.0,rsu1,2
602.0,rsu2,0
602.0,rsu3,0
602.0,rsu4,1
602.0,rsu5,0
602.0,edge1,2
602.0,edge2,1
603.0,rsu1,2
603.0,rsu2,0
603.0,rsu3,0
603.0,rsu4,0
603.0,rsu5,0
603.0,edge1,2
603.0,edge2,0
604.0,rsu1,2
604.0,rsu2,0
604.0,rsu3,0
604.0,rsu4,0
604.0,rsu5,0
604.0,edge1,2
604.0,edge2,0
605.0,rsu1,2
605.0,rsu2,0
605.0,rsu3,0
605.0,rsu4,0
605.0,rsu5,0
605.0,edge1,2
605.0,edge2,0
606.0,rsu1,1
606.0,rsu2,0
606.0,rsu3,0
606.0,rsu4,0
606.0,rsu5,0
606.0,edge1,2
606.0,edge2,0
607.0,rsu1,1
607.0,rsu2,0
607.0,rsu3,0
607.0,rsu4,0
607.0,rsu5,0
607.0,edge1,2
607.0,edge2,0
608.0,rsu1,1
608.0,rsu2,0
608.0,rsu3,0
608.0,rsu4,0
608.0,rsu5,0
608.0,edge1,2
608.0,edge2,0
609.0,rsu1,1
609.0,rsu2,0
609.0,rsu3,0
609.0,rsu4,0
609.0,rsu5,0
609.0,edge1,1
609.0,edge2,0
610.0,rsu1,1
610.0,rsu2,0
610.0,rsu3,0
610.0,rsu4,0
610.0,rsu5,0
610.0,edge1,1
610.0,edge2,0
611.0,rsu1,1
611.0,rsu2,0
611.0,rsu3,0
611.0,rsu4,0
611.0,rsu5,0
611.0,edge1,1
611.0,edge2,0
612.0,rsu1,1
612.0,rsu2,0
612.0,rsu3,0
612.0,rsu4,0
612.0,rsu5,0
612.0,edge1,1
612.0,edge2,0
613.0,rsu1,1
613.0,rsu2,0
613.0,rsu3,0
613.0,rsu4,0
613.0,rsu5,0
613.0,edge1,1
613.0,edge2,0
614.0,rsu1,1
614.0,rsu2,0
614.0,rsu3,0
614.0,rsu4,0
614.0,rsu5,0
614.0,edge1,1
614.0,edge2,0
615.0,rsu1,1
615.0,rsu2,0
615.0,rsu3,0
615.0,rsu4,0
615.0,rsu5,0
615.0,edge1,1
615.0,edge2,0
616.0,rsu1,1
616.0,rsu2,0
616.0,rsu3,0
616.0,rsu4,0
616.0,rsu5,0
616.0,edge1,1
616.0,edge2,0
617.0,rsu1,1
617.0,rsu2,0
617.0,rsu3,0
617.0,rsu4,0
617.0,rsu5,0
617.0,edge1,1
617.0,edge2,0
618.0,rsu1,0
618.0,rsu2,0
618.0,rsu3,0
618.0,rsu4,0
618.0,rsu5,0
618.0,edge1,0
618.0,edge2,0
